,FRAME,FRAME_FILE_PATH,CROP_FILE_PATH,CROP_NUM,xA,yA,xB,yB,ID,INFO
0,49,video_result/ex_02/frame_detection/frame_detection_debug/frame_49.jpg,video_result/ex_02/frame_detection/frame_detection_crop/frame_49_crop_0.jpg,0,512,358,608,550,,
1,53,video_result/ex_02/frame_detection/frame_detection_debug/frame_53.jpg,video_result/ex_02/frame_detection/frame_detection_crop/frame_53_crop_0.jpg,0,522,349,618,541,,
2,55,video_result/ex_02/frame_detection/frame_detection_debug/frame_55.jpg,video_result/ex_02/frame_detection/frame_detection_crop/frame_55_crop_0.jpg,0,525,344,621,536,,
3,56,video_result/ex_02/frame_detection/frame_detection_debug/frame_56.jpg,video_result/ex_02/frame_detection/frame_detection_crop/frame_56_crop_0.jpg,0,527,342,623,534,,
4,59,video_result/ex_02/frame_detection/frame_detection_debug/frame_59.jpg,video_result/ex_02/frame_detection/frame_detection_crop/frame_59_crop_0.jpg,0,532,338,628,530,,
5,60,video_result/ex_02/frame_detection/frame_detection_debug/frame_60.jpg,video_result/ex_02/frame_detection/frame_detection_crop/frame_60_crop_0.jpg,0,536,332,632,524,,
6,62,video_result/ex_02/frame_detection/frame_detection_debug/frame_62.jpg,video_result/ex_02/frame_detection/frame_detection_crop/frame_62_crop_0.jpg,0,538,327,634,519,,
7,63,video_result/ex_02/frame_detection/frame_detection_debug/frame_63.jpg,video_result/ex_02/frame_detection/frame_detection_crop/frame_63_crop_0.jpg,0,541,323,637,515,,
8,64,video_result/ex_02/frame_detection/frame_detection_debug/frame_64.jpg,video_result/ex_02/frame_detection/frame_detection_crop/frame_64_crop_0.jpg,0,540,321,636,513,,
9,65,video_result/ex_02/frame_detection/frame_detection_debug/frame_65.jpg,video_result/ex_02/frame_detection/frame_detection_crop/frame_65_crop_0.jpg,0,541,320,637,512,,
10,66,video_result/ex_02/frame_detection/frame_detection_debug/frame_66.jpg,video_result/ex_02/frame_detection/frame_detection_crop/frame_66_crop_0.jpg,0,541,320,637,512,,
11,67,video_result/ex_02/frame_detection/frame_detection_debug/frame_67.jpg,video_result/ex_02/frame_detection/frame_detection_crop/frame_67_crop_0.jpg,0,542,310,638,502,,
12,68,video_result/ex_02/frame_detection/frame_detection_debug/frame_68.jpg,video_result/ex_02/frame_detection/frame_detection_crop/frame_68_crop_0.jpg,0,541,307,637,499,,
13,69,video_result/ex_02/frame_detection/frame_detection_debug/frame_69.jpg,video_result/ex_02/frame_detection/frame_detection_crop/frame_69_crop_0.jpg,0,542,304,638,496,,
14,70,video_result/ex_02/frame_detection/frame_detection_debug/frame_70.jpg,video_result/ex_02/frame_detection/frame_detection_crop/frame_70_crop_0.jpg,0,542,302,638,494,,
15,70,video_result/ex_02/frame_detection/frame_detection_debug/frame_70.jpg,video_result/ex_02/frame_detection/frame_detection_crop/frame_70_crop_1.jpg,1,3,145,67,273,,
16,71,video_result/ex_02/frame_detection/frame_detection_debug/frame_71.jpg,video_result/ex_02/frame_detection/frame_detection_crop/frame_71_crop_0.jpg,0,542,301,638,493,,
17,71,video_result/ex_02/frame_detection/frame_detection_debug/frame_71.jpg,video_result/ex_02/frame_detection/frame_detection_crop/frame_71_crop_1.jpg,1,7,144,71,272,,
18,72,video_result/ex_02/frame_detection/frame_detection_debug/frame_72.jpg,video_result/ex_02/frame_detection/frame_detection_crop/frame_72_crop_0.jpg,0,542,300,638,492,,
19,73,video_result/ex_02/frame_detection/frame_detection_debug/frame_73.jpg,video_result/ex_02/frame_detection/frame_detection_crop/frame_73_crop_0.jpg,0,544,296,640,488,,
20,73,video_result/ex_02/frame_detection/frame_detection_debug/frame_73.jpg,video_result/ex_02/frame_detection/frame_detection_crop/frame_73_crop_1.jpg,1,18,152,82,280,,
21,74,video_result/ex_02/frame_detection/frame_detection_debug/frame_74.jpg,video_result/ex_02/frame_detection/frame_detection_crop/frame_74_crop_0.jpg,0,545,292,641,484,,
22,75,video_result/ex_02/frame_detection/frame_detection_debug/frame_75.jpg,video_result/ex_02/frame_detection/frame_detection_crop/frame_75_crop_0.jpg,0,546,288,642,480,,
23,76,video_result/ex_02/frame_detection/frame_detection_debug/frame_76.jpg,video_result/ex_02/frame_detection/frame_detection_crop/frame_76_crop_0.jpg,0,547,287,643,479,,
24,77,video_result/ex_02/frame_detection/frame_detection_debug/frame_77.jpg,video_result/ex_02/frame_detection/frame_detection_crop/frame_77_crop_0.jpg,0,547,283,643,475,,
25,77,video_result/ex_02/frame_detection/frame_detection_debug/frame_77.jpg,video_result/ex_02/frame_detection/frame_detection_crop/frame_77_crop_1.jpg,1,40,140,104,268,,
26,78,video_result/ex_02/frame_detection/frame_detection_debug/frame_78.jpg,video_result/ex_02/frame_detection/frame_detection_crop/frame_78_crop_0.jpg,0,547,282,643,474,,
27,78,video_result/ex_02/frame_detection/frame_detection_debug/frame_78.jpg,video_result/ex_02/frame_detection/frame_detection_crop/frame_78_crop_1.jpg,1,41,133,105,261,,
28,79,video_result/ex_02/frame_detection/frame_detection_debug/frame_79.jpg,video_result/ex_02/frame_detection/frame_detection_crop/frame_79_crop_0.jpg,0,547,278,643,470,,
29,79,video_result/ex_02/frame_detection/frame_detection_debug/frame_79.jpg,video_result/ex_02/frame_detection/frame_detection_crop/frame_79_crop_1.jpg,1,47,131,111,259,,
30,80,video_result/ex_02/frame_detection/frame_detection_debug/frame_80.jpg,video_result/ex_02/frame_detection/frame_detection_crop/frame_80_crop_0.jpg,0,547,275,643,467,,
31,80,video_result/ex_02/frame_detection/frame_detection_debug/frame_80.jpg,video_result/ex_02/frame_detection/frame_detection_crop/frame_80_crop_1.jpg,1,48,130,112,258,,
32,81,video_result/ex_02/frame_detection/frame_detection_debug/frame_81.jpg,video_result/ex_02/frame_detection/frame_detection_crop/frame_81_crop_0.jpg,0,547,272,643,464,,
33,81,video_result/ex_02/frame_detection/frame_detection_debug/frame_81.jpg,video_result/ex_02/frame_detection/frame_detection_crop/frame_81_crop_1.jpg,1,54,126,118,254,,
34,82,video_result/ex_02/frame_detection/frame_detection_debug/frame_82.jpg,video_result/ex_02/frame_detection/frame_detection_crop/frame_82_crop_0.jpg,0,547,267,643,459,,
35,82,video_result/ex_02/frame_detection/frame_detection_debug/frame_82.jpg,video_result/ex_02/frame_detection/frame_detection_crop/frame_82_crop_1.jpg,1,66,122,130,250,,
36,83,video_result/ex_02/frame_detection/frame_detection_debug/frame_83.jpg,video_result/ex_02/frame_detection/frame_detection_crop/frame_83_crop_0.jpg,0,548,266,644,458,,
37,83,video_result/ex_02/frame_detection/frame_detection_debug/frame_83.jpg,video_result/ex_02/frame_detection/frame_detection_crop/frame_83_crop_1.jpg,1,70,111,134,239,,
38,84,video_result/ex_02/frame_detection/frame_detection_debug/frame_84.jpg,video_result/ex_02/frame_detection/frame_detection_crop/frame_84_crop_0.jpg,0,549,266,645,458,,
39,85,video_result/ex_02/frame_detection/frame_detection_debug/frame_85.jpg,video_result/ex_02/frame_detection/frame_detection_crop/frame_85_crop_0.jpg,0,550,262,646,454,,
40,86,video_result/ex_02/frame_detection/frame_detection_debug/frame_86.jpg,video_result/ex_02/frame_detection/frame_detection_crop/frame_86_crop_0.jpg,0,552,257,648,449,,
41,87,video_result/ex_02/frame_detection/frame_detection_debug/frame_87.jpg,video_result/ex_02/frame_detection/frame_detection_crop/frame_87_crop_0.jpg,0,554,252,650,444,,
42,88,video_result/ex_02/frame_detection/frame_detection_debug/frame_88.jpg,video_result/ex_02/frame_detection/frame_detection_crop/frame_88_crop_0.jpg,0,555,251,651,443,,
43,88,video_result/ex_02/frame_detection/frame_detection_debug/frame_88.jpg,video_result/ex_02/frame_detection/frame_detection_crop/frame_88_crop_1.jpg,1,106,114,170,242,,
44,89,video_result/ex_02/frame_detection/frame_detection_debug/frame_89.jpg,video_result/ex_02/frame_detection/frame_detection_crop/frame_89_crop_0.jpg,0,554,248,650,440,,
45,89,video_result/ex_02/frame_detection/frame_detection_debug/frame_89.jpg,video_result/ex_02/frame_detection/frame_detection_crop/frame_89_crop_1.jpg,1,111,114,175,242,,
46,90,video_result/ex_02/frame_detection/frame_detection_debug/frame_90.jpg,video_result/ex_02/frame_detection/frame_detection_crop/frame_90_crop_0.jpg,0,555,248,651,440,,
47,90,video_result/ex_02/frame_detection/frame_detection_debug/frame_90.jpg,video_result/ex_02/frame_detection/frame_detection_crop/frame_90_crop_1.jpg,1,115,112,179,240,,
48,91,video_result/ex_02/frame_detection/frame_detection_debug/frame_91.jpg,video_result/ex_02/frame_detection/frame_detection_crop/frame_91_crop_0.jpg,0,555,242,651,434,,
49,91,video_result/ex_02/frame_detection/frame_detection_debug/frame_91.jpg,video_result/ex_02/frame_detection/frame_detection_crop/frame_91_crop_1.jpg,1,127,104,191,232,,
50,92,video_result/ex_02/frame_detection/frame_detection_debug/frame_92.jpg,video_result/ex_02/frame_detection/frame_detection_crop/frame_92_crop_0.jpg,0,556,239,652,431,,
51,92,video_result/ex_02/frame_detection/frame_detection_debug/frame_92.jpg,video_result/ex_02/frame_detection/frame_detection_crop/frame_92_crop_1.jpg,1,131,103,195,231,,
52,93,video_result/ex_02/frame_detection/frame_detection_debug/frame_93.jpg,video_result/ex_02/frame_detection/frame_detection_crop/frame_93_crop_0.jpg,0,558,235,654,427,,
53,94,video_result/ex_02/frame_detection/frame_detection_debug/frame_94.jpg,video_result/ex_02/frame_detection/frame_detection_crop/frame_94_crop_0.jpg,0,558,233,654,425,,
54,95,video_result/ex_02/frame_detection/frame_detection_debug/frame_95.jpg,video_result/ex_02/frame_detection/frame_detection_crop/frame_95_crop_0.jpg,0,559,233,655,425,,
55,96,video_result/ex_02/frame_detection/frame_detection_debug/frame_96.jpg,video_result/ex_02/frame_detection/frame_detection_crop/frame_96_crop_0.jpg,0,562,231,658,423,,
56,97,video_result/ex_02/frame_detection/frame_detection_debug/frame_97.jpg,video_result/ex_02/frame_detection/frame_detection_crop/frame_97_crop_0.jpg,0,565,227,661,419,,
57,97,video_result/ex_02/frame_detection/frame_detection_debug/frame_97.jpg,video_result/ex_02/frame_detection/frame_detection_crop/frame_97_crop_1.jpg,1,165,94,229,222,,
58,98,video_result/ex_02/frame_detection/frame_detection_debug/frame_98.jpg,video_result/ex_02/frame_detection/frame_detection_crop/frame_98_crop_0.jpg,0,567,224,663,416,,
59,98,video_result/ex_02/frame_detection/frame_detection_debug/frame_98.jpg,video_result/ex_02/frame_detection/frame_detection_crop/frame_98_crop_1.jpg,1,168,93,232,221,,
60,99,video_result/ex_02/frame_detection/frame_detection_debug/frame_99.jpg,video_result/ex_02/frame_detection/frame_detection_crop/frame_99_crop_0.jpg,0,569,222,665,414,,
61,99,video_result/ex_02/frame_detection/frame_detection_debug/frame_99.jpg,video_result/ex_02/frame_detection/frame_detection_crop/frame_99_crop_1.jpg,1,170,91,234,219,,
62,100,video_result/ex_02/frame_detection/frame_detection_debug/frame_100.jpg,video_result/ex_02/frame_detection/frame_detection_crop/frame_100_crop_0.jpg,0,570,219,666,411,,
63,100,video_result/ex_02/frame_detection/frame_detection_debug/frame_100.jpg,video_result/ex_02/frame_detection/frame_detection_crop/frame_100_crop_1.jpg,1,177,90,241,218,,
64,101,video_result/ex_02/frame_detection/frame_detection_debug/frame_101.jpg,video_result/ex_02/frame_detection/frame_detection_crop/frame_101_crop_0.jpg,0,571,218,667,410,,
65,101,video_result/ex_02/frame_detection/frame_detection_debug/frame_101.jpg,video_result/ex_02/frame_detection/frame_detection_crop/frame_101_crop_1.jpg,1,181,90,245,218,,
66,102,video_result/ex_02/frame_detection/frame_detection_debug/frame_102.jpg,video_result/ex_02/frame_detection/frame_detection_crop/frame_102_crop_0.jpg,0,570,216,666,408,,
67,102,video_result/ex_02/frame_detection/frame_detection_debug/frame_102.jpg,video_result/ex_02/frame_detection/frame_detection_crop/frame_102_crop_1.jpg,1,187,87,251,215,,
68,103,video_result/ex_02/frame_detection/frame_detection_debug/frame_103.jpg,video_result/ex_02/frame_detection/frame_detection_crop/frame_103_crop_0.jpg,0,573,212,669,404,,
69,103,video_result/ex_02/frame_detection/frame_detection_debug/frame_103.jpg,video_result/ex_02/frame_detection/frame_detection_crop/frame_103_crop_1.jpg,1,194,84,258,212,,
70,104,video_result/ex_02/frame_detection/frame_detection_debug/frame_104.jpg,video_result/ex_02/frame_detection/frame_detection_crop/frame_104_crop_0.jpg,0,574,210,670,402,,
71,105,video_result/ex_02/frame_detection/frame_detection_debug/frame_105.jpg,video_result/ex_02/frame_detection/frame_detection_crop/frame_105_crop_0.jpg,0,574,207,670,399,,
72,105,video_result/ex_02/frame_detection/frame_detection_debug/frame_105.jpg,video_result/ex_02/frame_detection/frame_detection_crop/frame_105_crop_1.jpg,1,201,84,265,212,,
73,106,video_result/ex_02/frame_detection/frame_detection_debug/frame_106.jpg,video_result/ex_02/frame_detection/frame_detection_crop/frame_106_crop_0.jpg,0,574,205,670,397,,
74,107,video_result/ex_02/frame_detection/frame_detection_debug/frame_107.jpg,video_result/ex_02/frame_detection/frame_detection_crop/frame_107_crop_0.jpg,0,574,203,670,395,,
75,108,video_result/ex_02/frame_detection/frame_detection_debug/frame_108.jpg,video_result/ex_02/frame_detection/frame_detection_crop/frame_108_crop_0.jpg,0,575,201,671,393,,
76,109,video_result/ex_02/frame_detection/frame_detection_debug/frame_109.jpg,video_result/ex_02/frame_detection/frame_detection_crop/frame_109_crop_0.jpg,0,574,200,670,392,,
77,110,video_result/ex_02/frame_detection/frame_detection_debug/frame_110.jpg,video_result/ex_02/frame_detection/frame_detection_crop/frame_110_crop_0.jpg,0,574,196,670,388,,
78,110,video_result/ex_02/frame_detection/frame_detection_debug/frame_110.jpg,video_result/ex_02/frame_detection/frame_detection_crop/frame_110_crop_1.jpg,1,225,74,289,202,,
79,111,video_result/ex_02/frame_detection/frame_detection_debug/frame_111.jpg,video_result/ex_02/frame_detection/frame_detection_crop/frame_111_crop_0.jpg,0,574,194,670,386,,
80,111,video_result/ex_02/frame_detection/frame_detection_debug/frame_111.jpg,video_result/ex_02/frame_detection/frame_detection_crop/frame_111_crop_1.jpg,1,228,73,292,201,,
81,112,video_result/ex_02/frame_detection/frame_detection_debug/frame_112.jpg,video_result/ex_02/frame_detection/frame_detection_crop/frame_112_crop_0.jpg,0,573,188,669,380,,
82,112,video_result/ex_02/frame_detection/frame_detection_debug/frame_112.jpg,video_result/ex_02/frame_detection/frame_detection_crop/frame_112_crop_1.jpg,1,234,72,298,200,,
83,113,video_result/ex_02/frame_detection/frame_detection_debug/frame_113.jpg,video_result/ex_02/frame_detection/frame_detection_crop/frame_113_crop_0.jpg,0,572,186,668,378,,
84,113,video_result/ex_02/frame_detection/frame_detection_debug/frame_113.jpg,video_result/ex_02/frame_detection/frame_detection_crop/frame_113_crop_1.jpg,1,239,70,303,198,,
85,114,video_result/ex_02/frame_detection/frame_detection_debug/frame_114.jpg,video_result/ex_02/frame_detection/frame_detection_crop/frame_114_crop_0.jpg,0,572,186,668,378,,
86,114,video_result/ex_02/frame_detection/frame_detection_debug/frame_114.jpg,video_result/ex_02/frame_detection/frame_detection_crop/frame_114_crop_1.jpg,1,244,69,308,197,,
87,115,video_result/ex_02/frame_detection/frame_detection_debug/frame_115.jpg,video_result/ex_02/frame_detection/frame_detection_crop/frame_115_crop_0.jpg,0,571,186,667,378,,
88,115,video_result/ex_02/frame_detection/frame_detection_debug/frame_115.jpg,video_result/ex_02/frame_detection/frame_detection_crop/frame_115_crop_1.jpg,1,247,67,311,195,,
89,116,video_result/ex_02/frame_detection/frame_detection_debug/frame_116.jpg,video_result/ex_02/frame_detection/frame_detection_crop/frame_116_crop_0.jpg,0,571,184,667,376,,
90,116,video_result/ex_02/frame_detection/frame_detection_debug/frame_116.jpg,video_result/ex_02/frame_detection/frame_detection_crop/frame_116_crop_1.jpg,1,250,62,314,190,,
91,117,video_result/ex_02/frame_detection/frame_detection_debug/frame_117.jpg,video_result/ex_02/frame_detection/frame_detection_crop/frame_117_crop_0.jpg,0,570,176,666,368,,
92,118,video_result/ex_02/frame_detection/frame_detection_debug/frame_118.jpg,video_result/ex_02/frame_detection/frame_detection_crop/frame_118_crop_0.jpg,0,570,175,666,367,,
93,119,video_result/ex_02/frame_detection/frame_detection_debug/frame_119.jpg,video_result/ex_02/frame_detection/frame_detection_crop/frame_119_crop_0.jpg,0,571,172,667,364,,
94,119,video_result/ex_02/frame_detection/frame_detection_debug/frame_119.jpg,video_result/ex_02/frame_detection/frame_detection_crop/frame_119_crop_1.jpg,1,273,58,337,186,,
95,120,video_result/ex_02/frame_detection/frame_detection_debug/frame_120.jpg,video_result/ex_02/frame_detection/frame_detection_crop/frame_120_crop_0.jpg,0,572,172,668,364,,
96,120,video_result/ex_02/frame_detection/frame_detection_debug/frame_120.jpg,video_result/ex_02/frame_detection/frame_detection_crop/frame_120_crop_1.jpg,1,275,59,339,187,,
97,121,video_result/ex_02/frame_detection/frame_detection_debug/frame_121.jpg,video_result/ex_02/frame_detection/frame_detection_crop/frame_121_crop_0.jpg,0,576,170,672,362,,
98,121,video_result/ex_02/frame_detection/frame_detection_debug/frame_121.jpg,video_result/ex_02/frame_detection/frame_detection_crop/frame_121_crop_1.jpg,1,279,56,343,184,,
99,122,video_result/ex_02/frame_detection/frame_detection_debug/frame_122.jpg,video_result/ex_02/frame_detection/frame_detection_crop/frame_122_crop_0.jpg,0,577,168,673,360,,
100,122,video_result/ex_02/frame_detection/frame_detection_debug/frame_122.jpg,video_result/ex_02/frame_detection/frame_detection_crop/frame_122_crop_1.jpg,1,280,56,344,184,,
101,123,video_result/ex_02/frame_detection/frame_detection_debug/frame_123.jpg,video_result/ex_02/frame_detection/frame_detection_crop/frame_123_crop_0.jpg,0,578,166,674,358,,
102,123,video_result/ex_02/frame_detection/frame_detection_debug/frame_123.jpg,video_result/ex_02/frame_detection/frame_detection_crop/frame_123_crop_1.jpg,1,284,56,348,184,,
103,124,video_result/ex_02/frame_detection/frame_detection_debug/frame_124.jpg,video_result/ex_02/frame_detection/frame_detection_crop/frame_124_crop_0.jpg,0,597,184,661,312,,
104,124,video_result/ex_02/frame_detection/frame_detection_debug/frame_124.jpg,video_result/ex_02/frame_detection/frame_detection_crop/frame_124_crop_1.jpg,1,293,54,357,182,,
105,125,video_result/ex_02/frame_detection/frame_detection_debug/frame_125.jpg,video_result/ex_02/frame_detection/frame_detection_crop/frame_125_crop_0.jpg,0,586,159,682,351,,
106,125,video_result/ex_02/frame_detection/frame_detection_debug/frame_125.jpg,video_result/ex_02/frame_detection/frame_detection_crop/frame_125_crop_1.jpg,1,298,52,362,180,,
107,126,video_result/ex_02/frame_detection/frame_detection_debug/frame_126.jpg,video_result/ex_02/frame_detection/frame_detection_crop/frame_126_crop_0.jpg,0,603,174,667,302,,
108,126,video_result/ex_02/frame_detection/frame_detection_debug/frame_126.jpg,video_result/ex_02/frame_detection/frame_detection_crop/frame_126_crop_1.jpg,1,300,50,364,178,,
109,127,video_result/ex_02/frame_detection/frame_detection_debug/frame_127.jpg,video_result/ex_02/frame_detection/frame_detection_crop/frame_127_crop_0.jpg,0,586,158,682,350,,
110,127,video_result/ex_02/frame_detection/frame_detection_debug/frame_127.jpg,video_result/ex_02/frame_detection/frame_detection_crop/frame_127_crop_1.jpg,1,302,48,366,176,,
111,128,video_result/ex_02/frame_detection/frame_detection_debug/frame_128.jpg,video_result/ex_02/frame_detection/frame_detection_crop/frame_128_crop_0.jpg,0,591,154,687,346,,
112,129,video_result/ex_02/frame_detection/frame_detection_debug/frame_129.jpg,video_result/ex_02/frame_detection/frame_detection_crop/frame_129_crop_0.jpg,0,592,152,688,344,,
113,130,video_result/ex_02/frame_detection/frame_detection_debug/frame_130.jpg,video_result/ex_02/frame_detection/frame_detection_crop/frame_130_crop_0.jpg,0,611,151,675,279,,
114,131,video_result/ex_02/frame_detection/frame_detection_debug/frame_131.jpg,video_result/ex_02/frame_detection/frame_detection_crop/frame_131_crop_0.jpg,0,596,147,692,339,,
115,131,video_result/ex_02/frame_detection/frame_detection_debug/frame_131.jpg,video_result/ex_02/frame_detection/frame_detection_crop/frame_131_crop_1.jpg,1,327,45,391,173,,
116,132,video_result/ex_02/frame_detection/frame_detection_debug/frame_132.jpg,video_result/ex_02/frame_detection/frame_detection_crop/frame_132_crop_0.jpg,0,597,146,693,338,,
117,132,video_result/ex_02/frame_detection/frame_detection_debug/frame_132.jpg,video_result/ex_02/frame_detection/frame_detection_crop/frame_132_crop_1.jpg,1,330,45,394,173,,
118,133,video_result/ex_02/frame_detection/frame_detection_debug/frame_133.jpg,video_result/ex_02/frame_detection/frame_detection_crop/frame_133_crop_0.jpg,0,616,172,680,300,,
119,133,video_result/ex_02/frame_detection/frame_detection_debug/frame_133.jpg,video_result/ex_02/frame_detection/frame_detection_crop/frame_133_crop_1.jpg,1,333,43,397,171,,
120,134,video_result/ex_02/frame_detection/frame_detection_debug/frame_134.jpg,video_result/ex_02/frame_detection/frame_detection_crop/frame_134_crop_0.jpg,0,620,162,684,290,,
121,134,video_result/ex_02/frame_detection/frame_detection_debug/frame_134.jpg,video_result/ex_02/frame_detection/frame_detection_crop/frame_134_crop_1.jpg,1,336,42,400,170,,
122,135,video_result/ex_02/frame_detection/frame_detection_debug/frame_135.jpg,video_result/ex_02/frame_detection/frame_detection_crop/frame_135_crop_0.jpg,0,623,166,687,294,,
123,135,video_result/ex_02/frame_detection/frame_detection_debug/frame_135.jpg,video_result/ex_02/frame_detection/frame_detection_crop/frame_135_crop_1.jpg,1,344,42,408,170,,
124,136,video_result/ex_02/frame_detection/frame_detection_debug/frame_136.jpg,video_result/ex_02/frame_detection/frame_detection_crop/frame_136_crop_0.jpg,0,624,161,688,289,,
125,136,video_result/ex_02/frame_detection/frame_detection_debug/frame_136.jpg,video_result/ex_02/frame_detection/frame_detection_crop/frame_136_crop_1.jpg,1,346,41,410,169,,
126,137,video_result/ex_02/frame_detection/frame_detection_debug/frame_137.jpg,video_result/ex_02/frame_detection/frame_detection_crop/frame_137_crop_0.jpg,0,627,156,691,284,,
127,137,video_result/ex_02/frame_detection/frame_detection_debug/frame_137.jpg,video_result/ex_02/frame_detection/frame_detection_crop/frame_137_crop_1.jpg,1,349,40,413,168,,
128,138,video_result/ex_02/frame_detection/frame_detection_debug/frame_138.jpg,video_result/ex_02/frame_detection/frame_detection_crop/frame_138_crop_0.jpg,0,628,151,692,279,,
129,138,video_result/ex_02/frame_detection/frame_detection_debug/frame_138.jpg,video_result/ex_02/frame_detection/frame_detection_crop/frame_138_crop_1.jpg,1,351,38,415,166,,
130,139,video_result/ex_02/frame_detection/frame_detection_debug/frame_139.jpg,video_result/ex_02/frame_detection/frame_detection_crop/frame_139_crop_0.jpg,0,629,143,693,271,,
131,139,video_result/ex_02/frame_detection/frame_detection_debug/frame_139.jpg,video_result/ex_02/frame_detection/frame_detection_crop/frame_139_crop_1.jpg,1,353,38,417,166,,
132,140,video_result/ex_02/frame_detection/frame_detection_debug/frame_140.jpg,video_result/ex_02/frame_detection/frame_detection_crop/frame_140_crop_0.jpg,0,629,150,693,278,,
133,140,video_result/ex_02/frame_detection/frame_detection_debug/frame_140.jpg,video_result/ex_02/frame_detection/frame_detection_crop/frame_140_crop_1.jpg,1,356,37,420,165,,
134,141,video_result/ex_02/frame_detection/frame_detection_debug/frame_141.jpg,video_result/ex_02/frame_detection/frame_detection_crop/frame_141_crop_0.jpg,0,630,151,694,279,,
135,141,video_result/ex_02/frame_detection/frame_detection_debug/frame_141.jpg,video_result/ex_02/frame_detection/frame_detection_crop/frame_141_crop_1.jpg,1,356,37,420,165,,
136,142,video_result/ex_02/frame_detection/frame_detection_debug/frame_142.jpg,video_result/ex_02/frame_detection/frame_detection_crop/frame_142_crop_0.jpg,0,631,150,695,278,,
137,142,video_result/ex_02/frame_detection/frame_detection_debug/frame_142.jpg,video_result/ex_02/frame_detection/frame_detection_crop/frame_142_crop_1.jpg,1,361,36,425,164,,
138,143,video_result/ex_02/frame_detection/frame_detection_debug/frame_143.jpg,video_result/ex_02/frame_detection/frame_detection_crop/frame_143_crop_0.jpg,0,631,156,695,284,,
139,143,video_result/ex_02/frame_detection/frame_detection_debug/frame_143.jpg,video_result/ex_02/frame_detection/frame_detection_crop/frame_143_crop_1.jpg,1,348,21,444,213,,
140,144,video_result/ex_02/frame_detection/frame_detection_debug/frame_144.jpg,video_result/ex_02/frame_detection/frame_detection_crop/frame_144_crop_0.jpg,0,632,153,696,281,,
141,144,video_result/ex_02/frame_detection/frame_detection_debug/frame_144.jpg,video_result/ex_02/frame_detection/frame_detection_crop/frame_144_crop_1.jpg,1,350,20,446,212,,
142,145,video_result/ex_02/frame_detection/frame_detection_debug/frame_145.jpg,video_result/ex_02/frame_detection/frame_detection_crop/frame_145_crop_0.jpg,0,632,150,696,278,,
143,145,video_result/ex_02/frame_detection/frame_detection_debug/frame_145.jpg,video_result/ex_02/frame_detection/frame_detection_crop/frame_145_crop_1.jpg,1,368,35,432,163,,
144,146,video_result/ex_02/frame_detection/frame_detection_debug/frame_146.jpg,video_result/ex_02/frame_detection/frame_detection_crop/frame_146_crop_0.jpg,0,633,149,697,277,,
145,146,video_result/ex_02/frame_detection/frame_detection_debug/frame_146.jpg,video_result/ex_02/frame_detection/frame_detection_crop/frame_146_crop_1.jpg,1,370,36,434,164,,
146,147,video_result/ex_02/frame_detection/frame_detection_debug/frame_147.jpg,video_result/ex_02/frame_detection/frame_detection_crop/frame_147_crop_0.jpg,0,634,148,698,276,,
147,147,video_result/ex_02/frame_detection/frame_detection_debug/frame_147.jpg,video_result/ex_02/frame_detection/frame_detection_crop/frame_147_crop_1.jpg,1,372,37,436,165,,
148,148,video_result/ex_02/frame_detection/frame_detection_debug/frame_148.jpg,video_result/ex_02/frame_detection/frame_detection_crop/frame_148_crop_0.jpg,0,633,151,697,279,,
149,149,video_result/ex_02/frame_detection/frame_detection_debug/frame_149.jpg,video_result/ex_02/frame_detection/frame_detection_crop/frame_149_crop_0.jpg,0,635,144,699,272,,
150,150,video_result/ex_02/frame_detection/frame_detection_debug/frame_150.jpg,video_result/ex_02/frame_detection/frame_detection_crop/frame_150_crop_0.jpg,0,636,143,700,271,,
151,151,video_result/ex_02/frame_detection/frame_detection_debug/frame_151.jpg,video_result/ex_02/frame_detection/frame_detection_crop/frame_151_crop_0.jpg,0,637,139,701,267,,
152,152,video_result/ex_02/frame_detection/frame_detection_debug/frame_152.jpg,video_result/ex_02/frame_detection/frame_detection_crop/frame_152_crop_0.jpg,0,637,137,701,265,,
153,153,video_result/ex_02/frame_detection/frame_detection_debug/frame_153.jpg,video_result/ex_02/frame_detection/frame_detection_crop/frame_153_crop_0.jpg,0,637,138,701,266,,
154,154,video_result/ex_02/frame_detection/frame_detection_debug/frame_154.jpg,video_result/ex_02/frame_detection/frame_detection_crop/frame_154_crop_0.jpg,0,638,121,702,249,,
155,155,video_result/ex_02/frame_detection/frame_detection_debug/frame_155.jpg,video_result/ex_02/frame_detection/frame_detection_crop/frame_155_crop_0.jpg,0,637,115,701,243,,
156,156,video_result/ex_02/frame_detection/frame_detection_debug/frame_156.jpg,video_result/ex_02/frame_detection/frame_detection_crop/frame_156_crop_0.jpg,0,635,115,699,243,,
157,157,video_result/ex_02/frame_detection/frame_detection_debug/frame_157.jpg,video_result/ex_02/frame_detection/frame_detection_crop/frame_157_crop_0.jpg,0,635,116,699,244,,
158,158,video_result/ex_02/frame_detection/frame_detection_debug/frame_158.jpg,video_result/ex_02/frame_detection/frame_detection_crop/frame_158_crop_0.jpg,0,635,109,699,237,,
159,159,video_result/ex_02/frame_detection/frame_detection_debug/frame_159.jpg,video_result/ex_02/frame_detection/frame_detection_crop/frame_159_crop_0.jpg,0,632,118,696,246,,
160,160,video_result/ex_02/frame_detection/frame_detection_debug/frame_160.jpg,video_result/ex_02/frame_detection/frame_detection_crop/frame_160_crop_0.jpg,0,631,107,695,235,,
161,161,video_result/ex_02/frame_detection/frame_detection_debug/frame_161.jpg,video_result/ex_02/frame_detection/frame_detection_crop/frame_161_crop_0.jpg,0,631,94,695,222,,
162,162,video_result/ex_02/frame_detection/frame_detection_debug/frame_162.jpg,video_result/ex_02/frame_detection/frame_detection_crop/frame_162_crop_0.jpg,0,630,96,694,224,,
163,163,video_result/ex_02/frame_detection/frame_detection_debug/frame_163.jpg,video_result/ex_02/frame_detection/frame_detection_crop/frame_163_crop_0.jpg,0,629,101,693,229,,
164,164,video_result/ex_02/frame_detection/frame_detection_debug/frame_164.jpg,video_result/ex_02/frame_detection/frame_detection_crop/frame_164_crop_0.jpg,0,625,118,689,246,,
165,166,video_result/ex_02/frame_detection/frame_detection_debug/frame_166.jpg,video_result/ex_02/frame_detection/frame_detection_crop/frame_166_crop_0.jpg,0,620,117,684,245,,
166,167,video_result/ex_02/frame_detection/frame_detection_debug/frame_167.jpg,video_result/ex_02/frame_detection/frame_detection_crop/frame_167_crop_0.jpg,0,618,114,682,242,,
167,168,video_result/ex_02/frame_detection/frame_detection_debug/frame_168.jpg,video_result/ex_02/frame_detection/frame_detection_crop/frame_168_crop_0.jpg,0,616,115,680,243,,
168,169,video_result/ex_02/frame_detection/frame_detection_debug/frame_169.jpg,video_result/ex_02/frame_detection/frame_detection_crop/frame_169_crop_0.jpg,0,595,54,691,246,,
169,170,video_result/ex_02/frame_detection/frame_detection_debug/frame_170.jpg,video_result/ex_02/frame_detection/frame_detection_crop/frame_170_crop_0.jpg,0,595,53,691,245,,
170,171,video_result/ex_02/frame_detection/frame_detection_debug/frame_171.jpg,video_result/ex_02/frame_detection/frame_detection_crop/frame_171_crop_0.jpg,0,607,90,671,218,,
171,172,video_result/ex_02/frame_detection/frame_detection_debug/frame_172.jpg,video_result/ex_02/frame_detection/frame_detection_crop/frame_172_crop_0.jpg,0,604,70,668,198,,
172,173,video_result/ex_02/frame_detection/frame_detection_debug/frame_173.jpg,video_result/ex_02/frame_detection/frame_detection_crop/frame_173_crop_0.jpg,0,601,83,665,211,,
173,174,video_result/ex_02/frame_detection/frame_detection_debug/frame_174.jpg,video_result/ex_02/frame_detection/frame_detection_crop/frame_174_crop_0.jpg,0,599,84,663,212,,
174,175,video_result/ex_02/frame_detection/frame_detection_debug/frame_175.jpg,video_result/ex_02/frame_detection/frame_detection_crop/frame_175_crop_0.jpg,0,596,66,660,194,,
175,176,video_result/ex_02/frame_detection/frame_detection_debug/frame_176.jpg,video_result/ex_02/frame_detection/frame_detection_crop/frame_176_crop_0.jpg,0,588,87,652,215,,
176,182,video_result/ex_02/frame_detection/frame_detection_debug/frame_182.jpg,video_result/ex_02/frame_detection/frame_detection_crop/frame_182_crop_0.jpg,0,570,59,634,187,,
177,183,video_result/ex_02/frame_detection/frame_detection_debug/frame_183.jpg,video_result/ex_02/frame_detection/frame_detection_crop/frame_183_crop_0.jpg,0,228,19,292,147,,
178,184,video_result/ex_02/frame_detection/frame_detection_debug/frame_184.jpg,video_result/ex_02/frame_detection/frame_detection_crop/frame_184_crop_0.jpg,0,554,82,618,210,,
179,186,video_result/ex_02/frame_detection/frame_detection_debug/frame_186.jpg,video_result/ex_02/frame_detection/frame_detection_crop/frame_186_crop_0.jpg,0,547,87,611,215,,
180,187,video_result/ex_02/frame_detection/frame_detection_debug/frame_187.jpg,video_result/ex_02/frame_detection/frame_detection_crop/frame_187_crop_0.jpg,0,215,23,279,151,,
181,188,video_result/ex_02/frame_detection/frame_detection_debug/frame_188.jpg,video_result/ex_02/frame_detection/frame_detection_crop/frame_188_crop_0.jpg,0,212,24,276,152,,
182,189,video_result/ex_02/frame_detection/frame_detection_debug/frame_189.jpg,video_result/ex_02/frame_detection/frame_detection_crop/frame_189_crop_0.jpg,0,208,24,272,152,,
183,190,video_result/ex_02/frame_detection/frame_detection_debug/frame_190.jpg,video_result/ex_02/frame_detection/frame_detection_crop/frame_190_crop_0.jpg,0,208,24,272,152,,
184,191,video_result/ex_02/frame_detection/frame_detection_debug/frame_191.jpg,video_result/ex_02/frame_detection/frame_detection_crop/frame_191_crop_0.jpg,0,207,24,271,152,,
185,192,video_result/ex_02/frame_detection/frame_detection_debug/frame_192.jpg,video_result/ex_02/frame_detection/frame_detection_crop/frame_192_crop_0.jpg,0,203,28,267,156,,
186,193,video_result/ex_02/frame_detection/frame_detection_debug/frame_193.jpg,video_result/ex_02/frame_detection/frame_detection_crop/frame_193_crop_0.jpg,0,200,31,264,159,,
187,194,video_result/ex_02/frame_detection/frame_detection_debug/frame_194.jpg,video_result/ex_02/frame_detection/frame_detection_crop/frame_194_crop_0.jpg,0,198,31,262,159,,
188,195,video_result/ex_02/frame_detection/frame_detection_debug/frame_195.jpg,video_result/ex_02/frame_detection/frame_detection_crop/frame_195_crop_0.jpg,0,194,32,258,160,,
189,196,video_result/ex_02/frame_detection/frame_detection_debug/frame_196.jpg,video_result/ex_02/frame_detection/frame_detection_crop/frame_196_crop_0.jpg,0,505,82,569,210,,
190,196,video_result/ex_02/frame_detection/frame_detection_debug/frame_196.jpg,video_result/ex_02/frame_detection/frame_detection_crop/frame_196_crop_1.jpg,1,192,35,256,163,,
191,197,video_result/ex_02/frame_detection/frame_detection_debug/frame_197.jpg,video_result/ex_02/frame_detection/frame_detection_crop/frame_197_crop_0.jpg,0,190,38,254,166,,
192,198,video_result/ex_02/frame_detection/frame_detection_debug/frame_198.jpg,video_result/ex_02/frame_detection/frame_detection_crop/frame_198_crop_0.jpg,0,187,39,251,167,,
193,199,video_result/ex_02/frame_detection/frame_detection_debug/frame_199.jpg,video_result/ex_02/frame_detection/frame_detection_crop/frame_199_crop_0.jpg,0,183,42,247,170,,
194,200,video_result/ex_02/frame_detection/frame_detection_debug/frame_200.jpg,video_result/ex_02/frame_detection/frame_detection_crop/frame_200_crop_0.jpg,0,471,38,567,230,,
195,200,video_result/ex_02/frame_detection/frame_detection_debug/frame_200.jpg,video_result/ex_02/frame_detection/frame_detection_crop/frame_200_crop_1.jpg,1,180,42,244,170,,
196,201,video_result/ex_02/frame_detection/frame_detection_debug/frame_201.jpg,video_result/ex_02/frame_detection/frame_detection_crop/frame_201_crop_0.jpg,0,178,41,242,169,,
197,202,video_result/ex_02/frame_detection/frame_detection_debug/frame_202.jpg,video_result/ex_02/frame_detection/frame_detection_crop/frame_202_crop_0.jpg,0,178,43,242,171,,
198,203,video_result/ex_02/frame_detection/frame_detection_debug/frame_203.jpg,video_result/ex_02/frame_detection/frame_detection_crop/frame_203_crop_0.jpg,0,489,90,553,218,,
199,203,video_result/ex_02/frame_detection/frame_detection_debug/frame_203.jpg,video_result/ex_02/frame_detection/frame_detection_crop/frame_203_crop_1.jpg,1,175,49,239,177,,
200,204,video_result/ex_02/frame_detection/frame_detection_debug/frame_204.jpg,video_result/ex_02/frame_detection/frame_detection_crop/frame_204_crop_0.jpg,0,486,91,550,219,,
201,204,video_result/ex_02/frame_detection/frame_detection_debug/frame_204.jpg,video_result/ex_02/frame_detection/frame_detection_crop/frame_204_crop_1.jpg,1,174,50,238,178,,
202,205,video_result/ex_02/frame_detection/frame_detection_debug/frame_205.jpg,video_result/ex_02/frame_detection/frame_detection_crop/frame_205_crop_0.jpg,0,485,92,549,220,,
203,205,video_result/ex_02/frame_detection/frame_detection_debug/frame_205.jpg,video_result/ex_02/frame_detection/frame_detection_crop/frame_205_crop_1.jpg,1,172,50,236,178,,
204,206,video_result/ex_02/frame_detection/frame_detection_debug/frame_206.jpg,video_result/ex_02/frame_detection/frame_detection_crop/frame_206_crop_0.jpg,0,469,39,565,231,,
205,206,video_result/ex_02/frame_detection/frame_detection_debug/frame_206.jpg,video_result/ex_02/frame_detection/frame_detection_crop/frame_206_crop_1.jpg,1,169,54,233,182,,
206,207,video_result/ex_02/frame_detection/frame_detection_debug/frame_207.jpg,video_result/ex_02/frame_detection/frame_detection_crop/frame_207_crop_0.jpg,0,468,40,564,232,,
207,207,video_result/ex_02/frame_detection/frame_detection_debug/frame_207.jpg,video_result/ex_02/frame_detection/frame_detection_crop/frame_207_crop_1.jpg,1,168,55,232,183,,
208,208,video_result/ex_02/frame_detection/frame_detection_debug/frame_208.jpg,video_result/ex_02/frame_detection/frame_detection_crop/frame_208_crop_0.jpg,0,468,38,564,230,,
209,208,video_result/ex_02/frame_detection/frame_detection_debug/frame_208.jpg,video_result/ex_02/frame_detection/frame_detection_crop/frame_208_crop_1.jpg,1,164,59,228,187,,
210,209,video_result/ex_02/frame_detection/frame_detection_debug/frame_209.jpg,video_result/ex_02/frame_detection/frame_detection_crop/frame_209_crop_0.jpg,0,468,38,564,230,,
211,209,video_result/ex_02/frame_detection/frame_detection_debug/frame_209.jpg,video_result/ex_02/frame_detection/frame_detection_crop/frame_209_crop_1.jpg,1,163,60,227,188,,
212,210,video_result/ex_02/frame_detection/frame_detection_debug/frame_210.jpg,video_result/ex_02/frame_detection/frame_detection_crop/frame_210_crop_0.jpg,0,484,101,548,229,,
213,210,video_result/ex_02/frame_detection/frame_detection_debug/frame_210.jpg,video_result/ex_02/frame_detection/frame_detection_crop/frame_210_crop_1.jpg,1,160,66,224,194,,
214,211,video_result/ex_02/frame_detection/frame_detection_debug/frame_211.jpg,video_result/ex_02/frame_detection/frame_detection_crop/frame_211_crop_0.jpg,0,484,104,548,232,,
215,211,video_result/ex_02/frame_detection/frame_detection_debug/frame_211.jpg,video_result/ex_02/frame_detection/frame_detection_crop/frame_211_crop_1.jpg,1,160,66,224,194,,
216,212,video_result/ex_02/frame_detection/frame_detection_debug/frame_212.jpg,video_result/ex_02/frame_detection/frame_detection_crop/frame_212_crop_0.jpg,0,484,107,548,235,,
217,212,video_result/ex_02/frame_detection/frame_detection_debug/frame_212.jpg,video_result/ex_02/frame_detection/frame_detection_crop/frame_212_crop_1.jpg,1,158,67,222,195,,
218,213,video_result/ex_02/frame_detection/frame_detection_debug/frame_213.jpg,video_result/ex_02/frame_detection/frame_detection_crop/frame_213_crop_0.jpg,0,484,109,548,237,,
219,213,video_result/ex_02/frame_detection/frame_detection_debug/frame_213.jpg,video_result/ex_02/frame_detection/frame_detection_crop/frame_213_crop_1.jpg,1,155,70,219,198,,
220,214,video_result/ex_02/frame_detection/frame_detection_debug/frame_214.jpg,video_result/ex_02/frame_detection/frame_detection_crop/frame_214_crop_0.jpg,0,483,111,547,239,,
221,214,video_result/ex_02/frame_detection/frame_detection_debug/frame_214.jpg,video_result/ex_02/frame_detection/frame_detection_crop/frame_214_crop_1.jpg,1,154,73,218,201,,
222,215,video_result/ex_02/frame_detection/frame_detection_debug/frame_215.jpg,video_result/ex_02/frame_detection/frame_detection_crop/frame_215_crop_0.jpg,0,486,107,550,235,,
223,215,video_result/ex_02/frame_detection/frame_detection_debug/frame_215.jpg,video_result/ex_02/frame_detection/frame_detection_crop/frame_215_crop_1.jpg,1,152,72,216,200,,
224,216,video_result/ex_02/frame_detection/frame_detection_debug/frame_216.jpg,video_result/ex_02/frame_detection/frame_detection_crop/frame_216_crop_0.jpg,0,486,109,550,237,,
225,216,video_result/ex_02/frame_detection/frame_detection_debug/frame_216.jpg,video_result/ex_02/frame_detection/frame_detection_crop/frame_216_crop_1.jpg,1,151,73,215,201,,
226,217,video_result/ex_02/frame_detection/frame_detection_debug/frame_217.jpg,video_result/ex_02/frame_detection/frame_detection_crop/frame_217_crop_0.jpg,0,485,107,549,235,,
227,217,video_result/ex_02/frame_detection/frame_detection_debug/frame_217.jpg,video_result/ex_02/frame_detection/frame_detection_crop/frame_217_crop_1.jpg,1,146,80,210,208,,
228,218,video_result/ex_02/frame_detection/frame_detection_debug/frame_218.jpg,video_result/ex_02/frame_detection/frame_detection_crop/frame_218_crop_0.jpg,0,485,109,549,237,,
229,218,video_result/ex_02/frame_detection/frame_detection_debug/frame_218.jpg,video_result/ex_02/frame_detection/frame_detection_crop/frame_218_crop_1.jpg,1,145,81,209,209,,
230,219,video_result/ex_02/frame_detection/frame_detection_debug/frame_219.jpg,video_result/ex_02/frame_detection/frame_detection_crop/frame_219_crop_0.jpg,0,484,110,548,238,,
231,219,video_result/ex_02/frame_detection/frame_detection_debug/frame_219.jpg,video_result/ex_02/frame_detection/frame_detection_crop/frame_219_crop_1.jpg,1,144,84,208,212,,
232,220,video_result/ex_02/frame_detection/frame_detection_debug/frame_220.jpg,video_result/ex_02/frame_detection/frame_detection_crop/frame_220_crop_0.jpg,0,484,116,548,244,,
233,220,video_result/ex_02/frame_detection/frame_detection_debug/frame_220.jpg,video_result/ex_02/frame_detection/frame_detection_crop/frame_220_crop_1.jpg,1,139,86,203,214,,
234,221,video_result/ex_02/frame_detection/frame_detection_debug/frame_221.jpg,video_result/ex_02/frame_detection/frame_detection_crop/frame_221_crop_0.jpg,0,484,116,548,244,,
235,221,video_result/ex_02/frame_detection/frame_detection_debug/frame_221.jpg,video_result/ex_02/frame_detection/frame_detection_crop/frame_221_crop_1.jpg,1,138,88,202,216,,
236,222,video_result/ex_02/frame_detection/frame_detection_debug/frame_222.jpg,video_result/ex_02/frame_detection/frame_detection_crop/frame_222_crop_0.jpg,0,484,123,548,251,,
237,222,video_result/ex_02/frame_detection/frame_detection_debug/frame_222.jpg,video_result/ex_02/frame_detection/frame_detection_crop/frame_222_crop_1.jpg,1,136,90,200,218,,
238,223,video_result/ex_02/frame_detection/frame_detection_debug/frame_223.jpg,video_result/ex_02/frame_detection/frame_detection_crop/frame_223_crop_0.jpg,0,484,124,548,252,,
239,223,video_result/ex_02/frame_detection/frame_detection_debug/frame_223.jpg,video_result/ex_02/frame_detection/frame_detection_crop/frame_223_crop_1.jpg,1,118,46,214,238,,
240,224,video_result/ex_02/frame_detection/frame_detection_debug/frame_224.jpg,video_result/ex_02/frame_detection/frame_detection_crop/frame_224_crop_0.jpg,0,484,115,548,243,,
241,224,video_result/ex_02/frame_detection/frame_detection_debug/frame_224.jpg,video_result/ex_02/frame_detection/frame_detection_crop/frame_224_crop_1.jpg,1,132,97,196,225,,
242,225,video_result/ex_02/frame_detection/frame_detection_debug/frame_225.jpg,video_result/ex_02/frame_detection/frame_detection_crop/frame_225_crop_0.jpg,0,484,125,548,253,,
243,225,video_result/ex_02/frame_detection/frame_detection_debug/frame_225.jpg,video_result/ex_02/frame_detection/frame_detection_crop/frame_225_crop_1.jpg,1,131,100,195,228,,
244,226,video_result/ex_02/frame_detection/frame_detection_debug/frame_226.jpg,video_result/ex_02/frame_detection/frame_detection_crop/frame_226_crop_0.jpg,0,484,126,548,254,,
245,226,video_result/ex_02/frame_detection/frame_detection_debug/frame_226.jpg,video_result/ex_02/frame_detection/frame_detection_crop/frame_226_crop_1.jpg,1,129,101,193,229,,
246,227,video_result/ex_02/frame_detection/frame_detection_debug/frame_227.jpg,video_result/ex_02/frame_detection/frame_detection_crop/frame_227_crop_0.jpg,0,485,126,549,254,,
247,227,video_result/ex_02/frame_detection/frame_detection_debug/frame_227.jpg,video_result/ex_02/frame_detection/frame_detection_crop/frame_227_crop_1.jpg,1,111,54,207,246,,
248,228,video_result/ex_02/frame_detection/frame_detection_debug/frame_228.jpg,video_result/ex_02/frame_detection/frame_detection_crop/frame_228_crop_0.jpg,0,485,129,549,257,,
249,228,video_result/ex_02/frame_detection/frame_detection_debug/frame_228.jpg,video_result/ex_02/frame_detection/frame_detection_crop/frame_228_crop_1.jpg,1,125,107,189,235,,
250,229,video_result/ex_02/frame_detection/frame_detection_debug/frame_229.jpg,video_result/ex_02/frame_detection/frame_detection_crop/frame_229_crop_0.jpg,0,484,128,548,256,,
251,229,video_result/ex_02/frame_detection/frame_detection_debug/frame_229.jpg,video_result/ex_02/frame_detection/frame_detection_crop/frame_229_crop_1.jpg,1,123,110,187,238,,
252,230,video_result/ex_02/frame_detection/frame_detection_debug/frame_230.jpg,video_result/ex_02/frame_detection/frame_detection_crop/frame_230_crop_0.jpg,0,483,133,547,261,,
253,230,video_result/ex_02/frame_detection/frame_detection_debug/frame_230.jpg,video_result/ex_02/frame_detection/frame_detection_crop/frame_230_crop_1.jpg,1,122,112,186,240,,
254,231,video_result/ex_02/frame_detection/frame_detection_debug/frame_231.jpg,video_result/ex_02/frame_detection/frame_detection_crop/frame_231_crop_0.jpg,0,482,133,546,261,,
255,231,video_result/ex_02/frame_detection/frame_detection_debug/frame_231.jpg,video_result/ex_02/frame_detection/frame_detection_crop/frame_231_crop_1.jpg,1,118,115,182,243,,
256,232,video_result/ex_02/frame_detection/frame_detection_debug/frame_232.jpg,video_result/ex_02/frame_detection/frame_detection_crop/frame_232_crop_0.jpg,0,481,133,545,261,,
257,232,video_result/ex_02/frame_detection/frame_detection_debug/frame_232.jpg,video_result/ex_02/frame_detection/frame_detection_crop/frame_232_crop_1.jpg,1,118,115,182,243,,
258,233,video_result/ex_02/frame_detection/frame_detection_debug/frame_233.jpg,video_result/ex_02/frame_detection/frame_detection_crop/frame_233_crop_0.jpg,0,464,118,560,310,,
259,233,video_result/ex_02/frame_detection/frame_detection_debug/frame_233.jpg,video_result/ex_02/frame_detection/frame_detection_crop/frame_233_crop_1.jpg,1,117,117,181,245,,
260,234,video_result/ex_02/frame_detection/frame_detection_debug/frame_234.jpg,video_result/ex_02/frame_detection/frame_detection_crop/frame_234_crop_0.jpg,0,479,133,543,261,,
261,234,video_result/ex_02/frame_detection/frame_detection_debug/frame_234.jpg,video_result/ex_02/frame_detection/frame_detection_crop/frame_234_crop_1.jpg,1,115,120,179,248,,
262,235,video_result/ex_02/frame_detection/frame_detection_debug/frame_235.jpg,video_result/ex_02/frame_detection/frame_detection_crop/frame_235_crop_0.jpg,0,464,122,560,314,,
263,235,video_result/ex_02/frame_detection/frame_detection_debug/frame_235.jpg,video_result/ex_02/frame_detection/frame_detection_crop/frame_235_crop_1.jpg,1,115,124,179,252,,
264,236,video_result/ex_02/frame_detection/frame_detection_debug/frame_236.jpg,video_result/ex_02/frame_detection/frame_detection_crop/frame_236_crop_0.jpg,0,479,138,543,266,,
265,236,video_result/ex_02/frame_detection/frame_detection_debug/frame_236.jpg,video_result/ex_02/frame_detection/frame_detection_crop/frame_236_crop_1.jpg,1,114,125,178,253,,
266,237,video_result/ex_02/frame_detection/frame_detection_debug/frame_237.jpg,video_result/ex_02/frame_detection/frame_detection_crop/frame_237_crop_0.jpg,0,461,122,557,314,,
267,237,video_result/ex_02/frame_detection/frame_detection_debug/frame_237.jpg,video_result/ex_02/frame_detection/frame_detection_crop/frame_237_crop_1.jpg,1,112,128,176,256,,
268,238,video_result/ex_02/frame_detection/frame_detection_debug/frame_238.jpg,video_result/ex_02/frame_detection/frame_detection_crop/frame_238_crop_0.jpg,0,462,123,558,315,,
269,238,video_result/ex_02/frame_detection/frame_detection_debug/frame_238.jpg,video_result/ex_02/frame_detection/frame_detection_crop/frame_238_crop_1.jpg,1,111,129,175,257,,
270,239,video_result/ex_02/frame_detection/frame_detection_debug/frame_239.jpg,video_result/ex_02/frame_detection/frame_detection_crop/frame_239_crop_0.jpg,0,475,139,539,267,,
271,239,video_result/ex_02/frame_detection/frame_detection_debug/frame_239.jpg,video_result/ex_02/frame_detection/frame_detection_crop/frame_239_crop_1.jpg,1,107,134,171,262,,
272,240,video_result/ex_02/frame_detection/frame_detection_debug/frame_240.jpg,video_result/ex_02/frame_detection/frame_detection_crop/frame_240_crop_0.jpg,0,475,142,539,270,,
273,240,video_result/ex_02/frame_detection/frame_detection_debug/frame_240.jpg,video_result/ex_02/frame_detection/frame_detection_crop/frame_240_crop_1.jpg,1,106,136,170,264,,
274,241,video_result/ex_02/frame_detection/frame_detection_debug/frame_241.jpg,video_result/ex_02/frame_detection/frame_detection_crop/frame_241_crop_0.jpg,0,472,147,536,275,,
275,241,video_result/ex_02/frame_detection/frame_detection_debug/frame_241.jpg,video_result/ex_02/frame_detection/frame_detection_crop/frame_241_crop_1.jpg,1,103,140,167,268,,
276,242,video_result/ex_02/frame_detection/frame_detection_debug/frame_242.jpg,video_result/ex_02/frame_detection/frame_detection_crop/frame_242_crop_0.jpg,0,471,147,535,275,,
277,242,video_result/ex_02/frame_detection/frame_detection_debug/frame_242.jpg,video_result/ex_02/frame_detection/frame_detection_crop/frame_242_crop_1.jpg,1,103,143,167,271,,
278,243,video_result/ex_02/frame_detection/frame_detection_debug/frame_243.jpg,video_result/ex_02/frame_detection/frame_detection_crop/frame_243_crop_0.jpg,0,469,156,533,284,,
279,243,video_result/ex_02/frame_detection/frame_detection_debug/frame_243.jpg,video_result/ex_02/frame_detection/frame_detection_crop/frame_243_crop_1.jpg,1,102,143,166,271,,
280,244,video_result/ex_02/frame_detection/frame_detection_debug/frame_244.jpg,video_result/ex_02/frame_detection/frame_detection_crop/frame_244_crop_0.jpg,0,466,147,530,275,,
281,244,video_result/ex_02/frame_detection/frame_detection_debug/frame_244.jpg,video_result/ex_02/frame_detection/frame_detection_crop/frame_244_crop_1.jpg,1,101,145,165,273,,
282,245,video_result/ex_02/frame_detection/frame_detection_debug/frame_245.jpg,video_result/ex_02/frame_detection/frame_detection_crop/frame_245_crop_0.jpg,0,464,148,528,276,,
283,245,video_result/ex_02/frame_detection/frame_detection_debug/frame_245.jpg,video_result/ex_02/frame_detection/frame_detection_crop/frame_245_crop_1.jpg,1,100,145,164,273,,
284,246,video_result/ex_02/frame_detection/frame_detection_debug/frame_246.jpg,video_result/ex_02/frame_detection/frame_detection_crop/frame_246_crop_0.jpg,0,463,148,527,276,,
285,246,video_result/ex_02/frame_detection/frame_detection_debug/frame_246.jpg,video_result/ex_02/frame_detection/frame_detection_crop/frame_246_crop_1.jpg,1,100,148,164,276,,
286,247,video_result/ex_02/frame_detection/frame_detection_debug/frame_247.jpg,video_result/ex_02/frame_detection/frame_detection_crop/frame_247_crop_0.jpg,0,100,153,164,281,,
287,248,video_result/ex_02/frame_detection/frame_detection_debug/frame_248.jpg,video_result/ex_02/frame_detection/frame_detection_crop/frame_248_crop_0.jpg,0,99,155,163,283,,
288,249,video_result/ex_02/frame_detection/frame_detection_debug/frame_249.jpg,video_result/ex_02/frame_detection/frame_detection_crop/frame_249_crop_0.jpg,0,98,157,162,285,,
289,249,video_result/ex_02/frame_detection/frame_detection_debug/frame_249.jpg,video_result/ex_02/frame_detection/frame_detection_crop/frame_249_crop_1.jpg,1,448,149,512,277,,
290,250,video_result/ex_02/frame_detection/frame_detection_debug/frame_250.jpg,video_result/ex_02/frame_detection/frame_detection_crop/frame_250_crop_0.jpg,0,98,158,162,286,,
291,250,video_result/ex_02/frame_detection/frame_detection_debug/frame_250.jpg,video_result/ex_02/frame_detection/frame_detection_crop/frame_250_crop_1.jpg,1,442,151,506,279,,
292,251,video_result/ex_02/frame_detection/frame_detection_debug/frame_251.jpg,video_result/ex_02/frame_detection/frame_detection_crop/frame_251_crop_0.jpg,0,98,158,162,286,,
293,251,video_result/ex_02/frame_detection/frame_detection_debug/frame_251.jpg,video_result/ex_02/frame_detection/frame_detection_crop/frame_251_crop_1.jpg,1,442,157,506,285,,
294,252,video_result/ex_02/frame_detection/frame_detection_debug/frame_252.jpg,video_result/ex_02/frame_detection/frame_detection_crop/frame_252_crop_0.jpg,0,82,142,178,334,,
295,252,video_result/ex_02/frame_detection/frame_detection_debug/frame_252.jpg,video_result/ex_02/frame_detection/frame_detection_crop/frame_252_crop_1.jpg,1,440,158,504,286,,
296,253,video_result/ex_02/frame_detection/frame_detection_debug/frame_253.jpg,video_result/ex_02/frame_detection/frame_detection_crop/frame_253_crop_0.jpg,0,82,143,178,335,,
297,253,video_result/ex_02/frame_detection/frame_detection_debug/frame_253.jpg,video_result/ex_02/frame_detection/frame_detection_crop/frame_253_crop_1.jpg,1,437,153,501,281,,
298,254,video_result/ex_02/frame_detection/frame_detection_debug/frame_254.jpg,video_result/ex_02/frame_detection/frame_detection_crop/frame_254_crop_0.jpg,0,82,144,178,336,,
299,254,video_result/ex_02/frame_detection/frame_detection_debug/frame_254.jpg,video_result/ex_02/frame_detection/frame_detection_crop/frame_254_crop_1.jpg,1,436,155,500,283,,
300,255,video_result/ex_02/frame_detection/frame_detection_debug/frame_255.jpg,video_result/ex_02/frame_detection/frame_detection_crop/frame_255_crop_0.jpg,0,83,146,179,338,,
301,255,video_result/ex_02/frame_detection/frame_detection_debug/frame_255.jpg,video_result/ex_02/frame_detection/frame_detection_crop/frame_255_crop_1.jpg,1,435,157,499,285,,
302,256,video_result/ex_02/frame_detection/frame_detection_debug/frame_256.jpg,video_result/ex_02/frame_detection/frame_detection_crop/frame_256_crop_0.jpg,0,84,149,180,341,,
303,256,video_result/ex_02/frame_detection/frame_detection_debug/frame_256.jpg,video_result/ex_02/frame_detection/frame_detection_crop/frame_256_crop_1.jpg,1,435,159,499,287,,
304,257,video_result/ex_02/frame_detection/frame_detection_debug/frame_257.jpg,video_result/ex_02/frame_detection/frame_detection_crop/frame_257_crop_0.jpg,0,88,152,184,344,,
305,257,video_result/ex_02/frame_detection/frame_detection_debug/frame_257.jpg,video_result/ex_02/frame_detection/frame_detection_crop/frame_257_crop_1.jpg,1,431,158,495,286,,
306,258,video_result/ex_02/frame_detection/frame_detection_debug/frame_258.jpg,video_result/ex_02/frame_detection/frame_detection_crop/frame_258_crop_0.jpg,0,105,177,169,305,,
307,258,video_result/ex_02/frame_detection/frame_detection_debug/frame_258.jpg,video_result/ex_02/frame_detection/frame_detection_crop/frame_258_crop_1.jpg,1,431,159,495,287,,
308,259,video_result/ex_02/frame_detection/frame_detection_debug/frame_259.jpg,video_result/ex_02/frame_detection/frame_detection_crop/frame_259_crop_0.jpg,0,90,148,186,340,,
309,259,video_result/ex_02/frame_detection/frame_detection_debug/frame_259.jpg,video_result/ex_02/frame_detection/frame_detection_crop/frame_259_crop_1.jpg,1,428,167,492,295,,
310,260,video_result/ex_02/frame_detection/frame_detection_debug/frame_260.jpg,video_result/ex_02/frame_detection/frame_detection_crop/frame_260_crop_0.jpg,0,92,153,188,345,,
311,260,video_result/ex_02/frame_detection/frame_detection_debug/frame_260.jpg,video_result/ex_02/frame_detection/frame_detection_crop/frame_260_crop_1.jpg,1,427,170,491,298,,
312,261,video_result/ex_02/frame_detection/frame_detection_debug/frame_261.jpg,video_result/ex_02/frame_detection/frame_detection_crop/frame_261_crop_0.jpg,0,90,156,186,348,,
313,261,video_result/ex_02/frame_detection/frame_detection_debug/frame_261.jpg,video_result/ex_02/frame_detection/frame_detection_crop/frame_261_crop_1.jpg,1,429,168,493,296,,
314,262,video_result/ex_02/frame_detection/frame_detection_debug/frame_262.jpg,video_result/ex_02/frame_detection/frame_detection_crop/frame_262_crop_0.jpg,0,91,158,187,350,,
315,262,video_result/ex_02/frame_detection/frame_detection_debug/frame_262.jpg,video_result/ex_02/frame_detection/frame_detection_crop/frame_262_crop_1.jpg,1,429,168,493,296,,
316,263,video_result/ex_02/frame_detection/frame_detection_debug/frame_263.jpg,video_result/ex_02/frame_detection/frame_detection_crop/frame_263_crop_0.jpg,0,90,162,186,354,,
317,263,video_result/ex_02/frame_detection/frame_detection_debug/frame_263.jpg,video_result/ex_02/frame_detection/frame_detection_crop/frame_263_crop_1.jpg,1,431,167,495,295,,
318,264,video_result/ex_02/frame_detection/frame_detection_debug/frame_264.jpg,video_result/ex_02/frame_detection/frame_detection_crop/frame_264_crop_0.jpg,0,91,163,187,355,,
319,264,video_result/ex_02/frame_detection/frame_detection_debug/frame_264.jpg,video_result/ex_02/frame_detection/frame_detection_crop/frame_264_crop_1.jpg,1,431,170,495,298,,
320,265,video_result/ex_02/frame_detection/frame_detection_debug/frame_265.jpg,video_result/ex_02/frame_detection/frame_detection_crop/frame_265_crop_0.jpg,0,91,163,187,355,,
321,265,video_result/ex_02/frame_detection/frame_detection_debug/frame_265.jpg,video_result/ex_02/frame_detection/frame_detection_crop/frame_265_crop_1.jpg,1,432,170,496,298,,
322,266,video_result/ex_02/frame_detection/frame_detection_debug/frame_266.jpg,video_result/ex_02/frame_detection/frame_detection_crop/frame_266_crop_0.jpg,0,90,163,186,355,,
323,266,video_result/ex_02/frame_detection/frame_detection_debug/frame_266.jpg,video_result/ex_02/frame_detection/frame_detection_crop/frame_266_crop_1.jpg,1,433,168,497,296,,
324,267,video_result/ex_02/frame_detection/frame_detection_debug/frame_267.jpg,video_result/ex_02/frame_detection/frame_detection_crop/frame_267_crop_0.jpg,0,92,166,188,358,,
325,267,video_result/ex_02/frame_detection/frame_detection_debug/frame_267.jpg,video_result/ex_02/frame_detection/frame_detection_crop/frame_267_crop_1.jpg,1,435,170,499,298,,
326,268,video_result/ex_02/frame_detection/frame_detection_debug/frame_268.jpg,video_result/ex_02/frame_detection/frame_detection_crop/frame_268_crop_0.jpg,0,422,156,518,348,,
327,268,video_result/ex_02/frame_detection/frame_detection_debug/frame_268.jpg,video_result/ex_02/frame_detection/frame_detection_crop/frame_268_crop_1.jpg,1,106,202,170,330,,
328,269,video_result/ex_02/frame_detection/frame_detection_debug/frame_269.jpg,video_result/ex_02/frame_detection/frame_detection_crop/frame_269_crop_0.jpg,0,424,156,520,348,,
329,269,video_result/ex_02/frame_detection/frame_detection_debug/frame_269.jpg,video_result/ex_02/frame_detection/frame_detection_crop/frame_269_crop_1.jpg,1,106,201,170,329,,
330,270,video_result/ex_02/frame_detection/frame_detection_debug/frame_270.jpg,video_result/ex_02/frame_detection/frame_detection_crop/frame_270_crop_0.jpg,0,427,158,523,350,,
331,270,video_result/ex_02/frame_detection/frame_detection_debug/frame_270.jpg,video_result/ex_02/frame_detection/frame_detection_crop/frame_270_crop_1.jpg,1,108,203,172,331,,
332,271,video_result/ex_02/frame_detection/frame_detection_debug/frame_271.jpg,video_result/ex_02/frame_detection/frame_detection_crop/frame_271_crop_0.jpg,0,447,179,511,307,,
333,272,video_result/ex_02/frame_detection/frame_detection_debug/frame_272.jpg,video_result/ex_02/frame_detection/frame_detection_crop/frame_272_crop_0.jpg,0,451,179,515,307,,
334,273,video_result/ex_02/frame_detection/frame_detection_debug/frame_273.jpg,video_result/ex_02/frame_detection/frame_detection_crop/frame_273_crop_0.jpg,0,113,201,177,329,,
335,273,video_result/ex_02/frame_detection/frame_detection_debug/frame_273.jpg,video_result/ex_02/frame_detection/frame_detection_crop/frame_273_crop_1.jpg,1,454,178,518,306,,
336,274,video_result/ex_02/frame_detection/frame_detection_debug/frame_274.jpg,video_result/ex_02/frame_detection/frame_detection_crop/frame_274_crop_0.jpg,0,114,204,178,332,,
337,274,video_result/ex_02/frame_detection/frame_detection_debug/frame_274.jpg,video_result/ex_02/frame_detection/frame_detection_crop/frame_274_crop_1.jpg,1,456,178,520,306,,
338,275,video_result/ex_02/frame_detection/frame_detection_debug/frame_275.jpg,video_result/ex_02/frame_detection/frame_detection_crop/frame_275_crop_0.jpg,0,458,184,522,312,,
339,276,video_result/ex_02/frame_detection/frame_detection_debug/frame_276.jpg,video_result/ex_02/frame_detection/frame_detection_crop/frame_276_crop_0.jpg,0,444,165,540,357,,
340,277,video_result/ex_02/frame_detection/frame_detection_debug/frame_277.jpg,video_result/ex_02/frame_detection/frame_detection_crop/frame_277_crop_0.jpg,0,447,170,543,362,,
341,278,video_result/ex_02/frame_detection/frame_detection_debug/frame_278.jpg,video_result/ex_02/frame_detection/frame_detection_crop/frame_278_crop_0.jpg,0,448,174,544,366,,
342,279,video_result/ex_02/frame_detection/frame_detection_debug/frame_279.jpg,video_result/ex_02/frame_detection/frame_detection_crop/frame_279_crop_0.jpg,0,123,209,187,337,,
343,279,video_result/ex_02/frame_detection/frame_detection_debug/frame_279.jpg,video_result/ex_02/frame_detection/frame_detection_crop/frame_279_crop_1.jpg,1,461,189,525,317,,
344,280,video_result/ex_02/frame_detection/frame_detection_debug/frame_280.jpg,video_result/ex_02/frame_detection/frame_detection_crop/frame_280_crop_0.jpg,0,126,209,190,337,,
345,280,video_result/ex_02/frame_detection/frame_detection_debug/frame_280.jpg,video_result/ex_02/frame_detection/frame_detection_crop/frame_280_crop_1.jpg,1,461,191,525,319,,
346,281,video_result/ex_02/frame_detection/frame_detection_debug/frame_281.jpg,video_result/ex_02/frame_detection/frame_detection_crop/frame_281_crop_0.jpg,0,128,205,192,333,,
347,281,video_result/ex_02/frame_detection/frame_detection_debug/frame_281.jpg,video_result/ex_02/frame_detection/frame_detection_crop/frame_281_crop_1.jpg,1,461,193,525,321,,
348,282,video_result/ex_02/frame_detection/frame_detection_debug/frame_282.jpg,video_result/ex_02/frame_detection/frame_detection_crop/frame_282_crop_0.jpg,0,448,180,544,372,,
349,283,video_result/ex_02/frame_detection/frame_detection_debug/frame_283.jpg,video_result/ex_02/frame_detection/frame_detection_crop/frame_283_crop_0.jpg,0,447,180,543,372,,
350,284,video_result/ex_02/frame_detection/frame_detection_debug/frame_284.jpg,video_result/ex_02/frame_detection/frame_detection_crop/frame_284_crop_0.jpg,0,448,182,544,374,,
351,285,video_result/ex_02/frame_detection/frame_detection_debug/frame_285.jpg,video_result/ex_02/frame_detection/frame_detection_crop/frame_285_crop_0.jpg,0,459,200,523,328,,
352,286,video_result/ex_02/frame_detection/frame_detection_debug/frame_286.jpg,video_result/ex_02/frame_detection/frame_detection_crop/frame_286_crop_0.jpg,0,459,196,523,324,,
353,287,video_result/ex_02/frame_detection/frame_detection_debug/frame_287.jpg,video_result/ex_02/frame_detection/frame_detection_crop/frame_287_crop_0.jpg,0,457,203,521,331,,
354,288,video_result/ex_02/frame_detection/frame_detection_debug/frame_288.jpg,video_result/ex_02/frame_detection/frame_detection_crop/frame_288_crop_0.jpg,0,455,205,519,333,,
355,289,video_result/ex_02/frame_detection/frame_detection_debug/frame_289.jpg,video_result/ex_02/frame_detection/frame_detection_crop/frame_289_crop_0.jpg,0,434,192,530,384,,
356,290,video_result/ex_02/frame_detection/frame_detection_debug/frame_290.jpg,video_result/ex_02/frame_detection/frame_detection_crop/frame_290_crop_0.jpg,0,434,192,530,384,,
357,291,video_result/ex_02/frame_detection/frame_detection_debug/frame_291.jpg,video_result/ex_02/frame_detection/frame_detection_crop/frame_291_crop_0.jpg,0,432,193,528,385,,
358,292,video_result/ex_02/frame_detection/frame_detection_debug/frame_292.jpg,video_result/ex_02/frame_detection/frame_detection_crop/frame_292_crop_0.jpg,0,430,193,526,385,,
359,293,video_result/ex_02/frame_detection/frame_detection_debug/frame_293.jpg,video_result/ex_02/frame_detection/frame_detection_crop/frame_293_crop_0.jpg,0,428,196,524,388,,
360,293,video_result/ex_02/frame_detection/frame_detection_debug/frame_293.jpg,video_result/ex_02/frame_detection/frame_detection_crop/frame_293_crop_1.jpg,1,167,221,231,349,,
361,294,video_result/ex_02/frame_detection/frame_detection_debug/frame_294.jpg,video_result/ex_02/frame_detection/frame_detection_crop/frame_294_crop_0.jpg,0,422,200,518,392,,
362,294,video_result/ex_02/frame_detection/frame_detection_debug/frame_294.jpg,video_result/ex_02/frame_detection/frame_detection_crop/frame_294_crop_1.jpg,1,172,219,236,347,,
363,295,video_result/ex_02/frame_detection/frame_detection_debug/frame_295.jpg,video_result/ex_02/frame_detection/frame_detection_crop/frame_295_crop_0.jpg,0,418,200,514,392,,
364,297,video_result/ex_02/frame_detection/frame_detection_debug/frame_297.jpg,video_result/ex_02/frame_detection/frame_detection_crop/frame_297_crop_0.jpg,0,425,214,489,342,,
365,298,video_result/ex_02/frame_detection/frame_detection_debug/frame_298.jpg,video_result/ex_02/frame_detection/frame_detection_crop/frame_298_crop_0.jpg,0,425,222,489,350,,
366,299,video_result/ex_02/frame_detection/frame_detection_debug/frame_299.jpg,video_result/ex_02/frame_detection/frame_detection_crop/frame_299_crop_0.jpg,0,194,208,258,336,,
367,300,video_result/ex_02/frame_detection/frame_detection_debug/frame_300.jpg,video_result/ex_02/frame_detection/frame_detection_crop/frame_300_crop_0.jpg,0,199,206,263,334,,
368,306,video_result/ex_02/frame_detection/frame_detection_debug/frame_306.jpg,video_result/ex_02/frame_detection/frame_detection_crop/frame_306_crop_0.jpg,0,239,210,303,338,,
369,307,video_result/ex_02/frame_detection/frame_detection_debug/frame_307.jpg,video_result/ex_02/frame_detection/frame_detection_crop/frame_307_crop_0.jpg,0,370,208,466,400,,
370,323,video_result/ex_02/frame_detection/frame_detection_debug/frame_323.jpg,video_result/ex_02/frame_detection/frame_detection_crop/frame_323_crop_0.jpg,0,293,210,357,338,,
371,324,video_result/ex_02/frame_detection/frame_detection_debug/frame_324.jpg,video_result/ex_02/frame_detection/frame_detection_crop/frame_324_crop_0.jpg,0,286,205,350,333,,
372,334,video_result/ex_02/frame_detection/frame_detection_debug/frame_334.jpg,video_result/ex_02/frame_detection/frame_detection_crop/frame_334_crop_0.jpg,0,227,176,323,368,,
373,334,video_result/ex_02/frame_detection/frame_detection_debug/frame_334.jpg,video_result/ex_02/frame_detection/frame_detection_crop/frame_334_crop_1.jpg,1,451,234,515,362,,
374,335,video_result/ex_02/frame_detection/frame_detection_debug/frame_335.jpg,video_result/ex_02/frame_detection/frame_detection_crop/frame_335_crop_0.jpg,0,225,176,321,368,,
375,336,video_result/ex_02/frame_detection/frame_detection_debug/frame_336.jpg,video_result/ex_02/frame_detection/frame_detection_crop/frame_336_crop_0.jpg,0,223,176,319,368,,
376,337,video_result/ex_02/frame_detection/frame_detection_debug/frame_337.jpg,video_result/ex_02/frame_detection/frame_detection_crop/frame_337_crop_0.jpg,0,218,175,314,367,,
377,338,video_result/ex_02/frame_detection/frame_detection_debug/frame_338.jpg,video_result/ex_02/frame_detection/frame_detection_crop/frame_338_crop_0.jpg,0,216,173,312,365,,
378,339,video_result/ex_02/frame_detection/frame_detection_debug/frame_339.jpg,video_result/ex_02/frame_detection/frame_detection_crop/frame_339_crop_0.jpg,0,213,171,309,363,,
379,340,video_result/ex_02/frame_detection/frame_detection_debug/frame_340.jpg,video_result/ex_02/frame_detection/frame_detection_crop/frame_340_crop_0.jpg,0,480,200,576,392,,
380,340,video_result/ex_02/frame_detection/frame_detection_debug/frame_340.jpg,video_result/ex_02/frame_detection/frame_detection_crop/frame_340_crop_1.jpg,1,210,170,306,362,,
381,341,video_result/ex_02/frame_detection/frame_detection_debug/frame_341.jpg,video_result/ex_02/frame_detection/frame_detection_crop/frame_341_crop_0.jpg,0,485,201,581,393,,
382,341,video_result/ex_02/frame_detection/frame_detection_debug/frame_341.jpg,video_result/ex_02/frame_detection/frame_detection_crop/frame_341_crop_1.jpg,1,210,168,306,360,,
383,342,video_result/ex_02/frame_detection/frame_detection_debug/frame_342.jpg,video_result/ex_02/frame_detection/frame_detection_crop/frame_342_crop_0.jpg,0,490,202,586,394,,
384,342,video_result/ex_02/frame_detection/frame_detection_debug/frame_342.jpg,video_result/ex_02/frame_detection/frame_detection_crop/frame_342_crop_1.jpg,1,207,166,303,358,,
385,343,video_result/ex_02/frame_detection/frame_detection_debug/frame_343.jpg,video_result/ex_02/frame_detection/frame_detection_crop/frame_343_crop_0.jpg,0,496,202,592,394,,
386,343,video_result/ex_02/frame_detection/frame_detection_debug/frame_343.jpg,video_result/ex_02/frame_detection/frame_detection_crop/frame_343_crop_1.jpg,1,207,165,303,357,,
387,344,video_result/ex_02/frame_detection/frame_detection_debug/frame_344.jpg,video_result/ex_02/frame_detection/frame_detection_crop/frame_344_crop_0.jpg,0,502,200,598,392,,
388,344,video_result/ex_02/frame_detection/frame_detection_debug/frame_344.jpg,video_result/ex_02/frame_detection/frame_detection_crop/frame_344_crop_1.jpg,1,202,162,298,354,,
389,345,video_result/ex_02/frame_detection/frame_detection_debug/frame_345.jpg,video_result/ex_02/frame_detection/frame_detection_crop/frame_345_crop_0.jpg,0,508,195,604,387,,
390,345,video_result/ex_02/frame_detection/frame_detection_debug/frame_345.jpg,video_result/ex_02/frame_detection/frame_detection_crop/frame_345_crop_1.jpg,1,199,162,295,354,,
391,346,video_result/ex_02/frame_detection/frame_detection_debug/frame_346.jpg,video_result/ex_02/frame_detection/frame_detection_crop/frame_346_crop_0.jpg,0,526,232,590,360,,
392,346,video_result/ex_02/frame_detection/frame_detection_debug/frame_346.jpg,video_result/ex_02/frame_detection/frame_detection_crop/frame_346_crop_1.jpg,1,195,158,291,350,,
393,347,video_result/ex_02/frame_detection/frame_detection_debug/frame_347.jpg,video_result/ex_02/frame_detection/frame_detection_crop/frame_347_crop_0.jpg,0,528,232,592,360,,
394,347,video_result/ex_02/frame_detection/frame_detection_debug/frame_347.jpg,video_result/ex_02/frame_detection/frame_detection_crop/frame_347_crop_1.jpg,1,194,154,290,346,,
395,348,video_result/ex_02/frame_detection/frame_detection_debug/frame_348.jpg,video_result/ex_02/frame_detection/frame_detection_crop/frame_348_crop_0.jpg,0,531,232,595,360,,
396,348,video_result/ex_02/frame_detection/frame_detection_debug/frame_348.jpg,video_result/ex_02/frame_detection/frame_detection_crop/frame_348_crop_1.jpg,1,208,184,272,312,,
397,349,video_result/ex_02/frame_detection/frame_detection_debug/frame_349.jpg,video_result/ex_02/frame_detection/frame_detection_crop/frame_349_crop_0.jpg,0,518,195,614,387,,
398,349,video_result/ex_02/frame_detection/frame_detection_debug/frame_349.jpg,video_result/ex_02/frame_detection/frame_detection_crop/frame_349_crop_1.jpg,1,193,152,289,344,,
399,350,video_result/ex_02/frame_detection/frame_detection_debug/frame_350.jpg,video_result/ex_02/frame_detection/frame_detection_crop/frame_350_crop_0.jpg,0,534,230,598,358,,
400,350,video_result/ex_02/frame_detection/frame_detection_debug/frame_350.jpg,video_result/ex_02/frame_detection/frame_detection_crop/frame_350_crop_1.jpg,1,206,186,270,314,,
401,351,video_result/ex_02/frame_detection/frame_detection_debug/frame_351.jpg,video_result/ex_02/frame_detection/frame_detection_crop/frame_351_crop_0.jpg,0,520,188,616,380,,
402,351,video_result/ex_02/frame_detection/frame_detection_debug/frame_351.jpg,video_result/ex_02/frame_detection/frame_detection_crop/frame_351_crop_1.jpg,1,206,171,270,299,,
403,352,video_result/ex_02/frame_detection/frame_detection_debug/frame_352.jpg,video_result/ex_02/frame_detection/frame_detection_crop/frame_352_crop_0.jpg,0,522,186,618,378,,
404,352,video_result/ex_02/frame_detection/frame_detection_debug/frame_352.jpg,video_result/ex_02/frame_detection/frame_detection_crop/frame_352_crop_1.jpg,1,205,169,269,297,,
405,353,video_result/ex_02/frame_detection/frame_detection_debug/frame_353.jpg,video_result/ex_02/frame_detection/frame_detection_crop/frame_353_crop_0.jpg,0,539,220,603,348,,
406,353,video_result/ex_02/frame_detection/frame_detection_debug/frame_353.jpg,video_result/ex_02/frame_detection/frame_detection_crop/frame_353_crop_1.jpg,1,206,166,270,294,,
407,354,video_result/ex_02/frame_detection/frame_detection_debug/frame_354.jpg,video_result/ex_02/frame_detection/frame_detection_crop/frame_354_crop_0.jpg,0,205,166,269,294,,
408,355,video_result/ex_02/frame_detection/frame_detection_debug/frame_355.jpg,video_result/ex_02/frame_detection/frame_detection_crop/frame_355_crop_0.jpg,0,522,181,618,373,,
409,355,video_result/ex_02/frame_detection/frame_detection_debug/frame_355.jpg,video_result/ex_02/frame_detection/frame_detection_crop/frame_355_crop_1.jpg,1,190,140,286,332,,
410,356,video_result/ex_02/frame_detection/frame_detection_debug/frame_356.jpg,video_result/ex_02/frame_detection/frame_detection_crop/frame_356_crop_0.jpg,0,522,179,618,371,,
411,356,video_result/ex_02/frame_detection/frame_detection_debug/frame_356.jpg,video_result/ex_02/frame_detection/frame_detection_crop/frame_356_crop_1.jpg,1,190,140,286,332,,
412,357,video_result/ex_02/frame_detection/frame_detection_debug/frame_357.jpg,video_result/ex_02/frame_detection/frame_detection_crop/frame_357_crop_0.jpg,0,523,176,619,368,,
413,357,video_result/ex_02/frame_detection/frame_detection_debug/frame_357.jpg,video_result/ex_02/frame_detection/frame_detection_crop/frame_357_crop_1.jpg,1,205,158,269,286,,
414,358,video_result/ex_02/frame_detection/frame_detection_debug/frame_358.jpg,video_result/ex_02/frame_detection/frame_detection_crop/frame_358_crop_0.jpg,0,523,173,619,365,,
415,358,video_result/ex_02/frame_detection/frame_detection_debug/frame_358.jpg,video_result/ex_02/frame_detection/frame_detection_crop/frame_358_crop_1.jpg,1,205,157,269,285,,
416,359,video_result/ex_02/frame_detection/frame_detection_debug/frame_359.jpg,video_result/ex_02/frame_detection/frame_detection_crop/frame_359_crop_0.jpg,0,522,172,618,364,,
417,359,video_result/ex_02/frame_detection/frame_detection_debug/frame_359.jpg,video_result/ex_02/frame_detection/frame_detection_crop/frame_359_crop_1.jpg,1,190,134,286,326,,
418,360,video_result/ex_02/frame_detection/frame_detection_debug/frame_360.jpg,video_result/ex_02/frame_detection/frame_detection_crop/frame_360_crop_0.jpg,0,522,172,618,364,,
419,360,video_result/ex_02/frame_detection/frame_detection_debug/frame_360.jpg,video_result/ex_02/frame_detection/frame_detection_crop/frame_360_crop_1.jpg,1,205,153,269,281,,
420,361,video_result/ex_02/frame_detection/frame_detection_debug/frame_361.jpg,video_result/ex_02/frame_detection/frame_detection_crop/frame_361_crop_0.jpg,0,520,171,616,363,,
421,361,video_result/ex_02/frame_detection/frame_detection_debug/frame_361.jpg,video_result/ex_02/frame_detection/frame_detection_crop/frame_361_crop_1.jpg,1,205,153,269,281,,
422,362,video_result/ex_02/frame_detection/frame_detection_debug/frame_362.jpg,video_result/ex_02/frame_detection/frame_detection_crop/frame_362_crop_0.jpg,0,518,166,614,358,,
423,362,video_result/ex_02/frame_detection/frame_detection_debug/frame_362.jpg,video_result/ex_02/frame_detection/frame_detection_crop/frame_362_crop_1.jpg,1,206,152,270,280,,
424,363,video_result/ex_02/frame_detection/frame_detection_debug/frame_363.jpg,video_result/ex_02/frame_detection/frame_detection_crop/frame_363_crop_0.jpg,0,518,164,614,356,,
425,363,video_result/ex_02/frame_detection/frame_detection_debug/frame_363.jpg,video_result/ex_02/frame_detection/frame_detection_crop/frame_363_crop_1.jpg,1,191,125,287,317,,
426,364,video_result/ex_02/frame_detection/frame_detection_debug/frame_364.jpg,video_result/ex_02/frame_detection/frame_detection_crop/frame_364_crop_0.jpg,0,517,160,613,352,,
427,364,video_result/ex_02/frame_detection/frame_detection_debug/frame_364.jpg,video_result/ex_02/frame_detection/frame_detection_crop/frame_364_crop_1.jpg,1,192,124,288,316,,
428,365,video_result/ex_02/frame_detection/frame_detection_debug/frame_365.jpg,video_result/ex_02/frame_detection/frame_detection_crop/frame_365_crop_0.jpg,0,534,193,598,321,,
429,365,video_result/ex_02/frame_detection/frame_detection_debug/frame_365.jpg,video_result/ex_02/frame_detection/frame_detection_crop/frame_365_crop_1.jpg,1,194,124,290,316,,
430,366,video_result/ex_02/frame_detection/frame_detection_debug/frame_366.jpg,video_result/ex_02/frame_detection/frame_detection_crop/frame_366_crop_0.jpg,0,209,148,273,276,,
431,367,video_result/ex_02/frame_detection/frame_detection_debug/frame_367.jpg,video_result/ex_02/frame_detection/frame_detection_crop/frame_367_crop_0.jpg,0,535,186,599,314,,
432,367,video_result/ex_02/frame_detection/frame_detection_debug/frame_367.jpg,video_result/ex_02/frame_detection/frame_detection_crop/frame_367_crop_1.jpg,1,196,120,292,312,,
433,368,video_result/ex_02/frame_detection/frame_detection_debug/frame_368.jpg,video_result/ex_02/frame_detection/frame_detection_crop/frame_368_crop_0.jpg,0,538,183,602,311,,
434,368,video_result/ex_02/frame_detection/frame_detection_debug/frame_368.jpg,video_result/ex_02/frame_detection/frame_detection_crop/frame_368_crop_1.jpg,1,200,118,296,310,,
435,369,video_result/ex_02/frame_detection/frame_detection_debug/frame_369.jpg,video_result/ex_02/frame_detection/frame_detection_crop/frame_369_crop_0.jpg,0,540,184,604,312,,
436,369,video_result/ex_02/frame_detection/frame_detection_debug/frame_369.jpg,video_result/ex_02/frame_detection/frame_detection_crop/frame_369_crop_1.jpg,1,200,118,296,310,,
437,370,video_result/ex_02/frame_detection/frame_detection_debug/frame_370.jpg,video_result/ex_02/frame_detection/frame_detection_crop/frame_370_crop_0.jpg,0,525,130,621,322,,
438,370,video_result/ex_02/frame_detection/frame_detection_debug/frame_370.jpg,video_result/ex_02/frame_detection/frame_detection_crop/frame_370_crop_1.jpg,1,215,134,279,262,,
439,371,video_result/ex_02/frame_detection/frame_detection_debug/frame_371.jpg,video_result/ex_02/frame_detection/frame_detection_crop/frame_371_crop_0.jpg,0,544,181,608,309,,
440,371,video_result/ex_02/frame_detection/frame_detection_debug/frame_371.jpg,video_result/ex_02/frame_detection/frame_detection_crop/frame_371_crop_1.jpg,1,216,132,280,260,,
441,372,video_result/ex_02/frame_detection/frame_detection_debug/frame_372.jpg,video_result/ex_02/frame_detection/frame_detection_crop/frame_372_crop_0.jpg,0,547,180,611,308,,
442,372,video_result/ex_02/frame_detection/frame_detection_debug/frame_372.jpg,video_result/ex_02/frame_detection/frame_detection_crop/frame_372_crop_1.jpg,1,218,130,282,258,,
443,373,video_result/ex_02/frame_detection/frame_detection_debug/frame_373.jpg,video_result/ex_02/frame_detection/frame_detection_crop/frame_373_crop_0.jpg,0,548,177,612,305,,
444,373,video_result/ex_02/frame_detection/frame_detection_debug/frame_373.jpg,video_result/ex_02/frame_detection/frame_detection_crop/frame_373_crop_1.jpg,1,218,129,282,257,,
445,374,video_result/ex_02/frame_detection/frame_detection_debug/frame_374.jpg,video_result/ex_02/frame_detection/frame_detection_crop/frame_374_crop_0.jpg,0,551,185,615,313,,
446,374,video_result/ex_02/frame_detection/frame_detection_debug/frame_374.jpg,video_result/ex_02/frame_detection/frame_detection_crop/frame_374_crop_1.jpg,1,200,108,296,300,,
447,375,video_result/ex_02/frame_detection/frame_detection_debug/frame_375.jpg,video_result/ex_02/frame_detection/frame_detection_crop/frame_375_crop_0.jpg,0,552,184,616,312,,
448,375,video_result/ex_02/frame_detection/frame_detection_debug/frame_375.jpg,video_result/ex_02/frame_detection/frame_detection_crop/frame_375_crop_1.jpg,1,202,106,298,298,,
449,376,video_result/ex_02/frame_detection/frame_detection_debug/frame_376.jpg,video_result/ex_02/frame_detection/frame_detection_crop/frame_376_crop_0.jpg,0,553,173,617,301,,
450,376,video_result/ex_02/frame_detection/frame_detection_debug/frame_376.jpg,video_result/ex_02/frame_detection/frame_detection_crop/frame_376_crop_1.jpg,1,202,105,298,297,,
451,377,video_result/ex_02/frame_detection/frame_detection_debug/frame_377.jpg,video_result/ex_02/frame_detection/frame_detection_crop/frame_377_crop_0.jpg,0,556,177,620,305,,
452,377,video_result/ex_02/frame_detection/frame_detection_debug/frame_377.jpg,video_result/ex_02/frame_detection/frame_detection_crop/frame_377_crop_1.jpg,1,204,105,300,297,,
453,378,video_result/ex_02/frame_detection/frame_detection_debug/frame_378.jpg,video_result/ex_02/frame_detection/frame_detection_crop/frame_378_crop_0.jpg,0,557,174,621,302,,
454,378,video_result/ex_02/frame_detection/frame_detection_debug/frame_378.jpg,video_result/ex_02/frame_detection/frame_detection_crop/frame_378_crop_1.jpg,1,206,102,302,294,,
455,379,video_result/ex_02/frame_detection/frame_detection_debug/frame_379.jpg,video_result/ex_02/frame_detection/frame_detection_crop/frame_379_crop_0.jpg,0,557,170,621,298,,
456,379,video_result/ex_02/frame_detection/frame_detection_debug/frame_379.jpg,video_result/ex_02/frame_detection/frame_detection_crop/frame_379_crop_1.jpg,1,206,102,302,294,,
457,380,video_result/ex_02/frame_detection/frame_detection_debug/frame_380.jpg,video_result/ex_02/frame_detection/frame_detection_crop/frame_380_crop_0.jpg,0,540,117,636,309,,
458,380,video_result/ex_02/frame_detection/frame_detection_debug/frame_380.jpg,video_result/ex_02/frame_detection/frame_detection_crop/frame_380_crop_1.jpg,1,208,102,304,294,,
459,381,video_result/ex_02/frame_detection/frame_detection_debug/frame_381.jpg,video_result/ex_02/frame_detection/frame_detection_crop/frame_381_crop_0.jpg,0,557,172,621,300,,
460,381,video_result/ex_02/frame_detection/frame_detection_debug/frame_381.jpg,video_result/ex_02/frame_detection/frame_detection_crop/frame_381_crop_1.jpg,1,226,124,290,252,,
461,382,video_result/ex_02/frame_detection/frame_detection_debug/frame_382.jpg,video_result/ex_02/frame_detection/frame_detection_crop/frame_382_crop_0.jpg,0,558,172,622,300,,
462,382,video_result/ex_02/frame_detection/frame_detection_debug/frame_382.jpg,video_result/ex_02/frame_detection/frame_detection_crop/frame_382_crop_1.jpg,1,228,122,292,250,,
463,383,video_result/ex_02/frame_detection/frame_detection_debug/frame_383.jpg,video_result/ex_02/frame_detection/frame_detection_crop/frame_383_crop_0.jpg,0,559,172,623,300,,
464,383,video_result/ex_02/frame_detection/frame_detection_debug/frame_383.jpg,video_result/ex_02/frame_detection/frame_detection_crop/frame_383_crop_1.jpg,1,228,121,292,249,,
465,384,video_result/ex_02/frame_detection/frame_detection_debug/frame_384.jpg,video_result/ex_02/frame_detection/frame_detection_crop/frame_384_crop_0.jpg,0,232,116,296,244,,
466,385,video_result/ex_02/frame_detection/frame_detection_debug/frame_385.jpg,video_result/ex_02/frame_detection/frame_detection_crop/frame_385_crop_0.jpg,0,233,113,297,241,,
467,386,video_result/ex_02/frame_detection/frame_detection_debug/frame_386.jpg,video_result/ex_02/frame_detection/frame_detection_crop/frame_386_crop_0.jpg,0,236,110,300,238,,
468,387,video_result/ex_02/frame_detection/frame_detection_debug/frame_387.jpg,video_result/ex_02/frame_detection/frame_detection_crop/frame_387_crop_0.jpg,0,237,109,301,237,,
469,388,video_result/ex_02/frame_detection/frame_detection_debug/frame_388.jpg,video_result/ex_02/frame_detection/frame_detection_crop/frame_388_crop_0.jpg,0,240,108,304,236,,
470,389,video_result/ex_02/frame_detection/frame_detection_debug/frame_389.jpg,video_result/ex_02/frame_detection/frame_detection_crop/frame_389_crop_0.jpg,0,241,105,305,233,,
471,390,video_result/ex_02/frame_detection/frame_detection_debug/frame_390.jpg,video_result/ex_02/frame_detection/frame_detection_crop/frame_390_crop_0.jpg,0,243,105,307,233,,
472,391,video_result/ex_02/frame_detection/frame_detection_debug/frame_391.jpg,video_result/ex_02/frame_detection/frame_detection_crop/frame_391_crop_0.jpg,0,245,108,309,236,,
473,392,video_result/ex_02/frame_detection/frame_detection_debug/frame_392.jpg,video_result/ex_02/frame_detection/frame_detection_crop/frame_392_crop_0.jpg,0,246,102,310,230,,
474,393,video_result/ex_02/frame_detection/frame_detection_debug/frame_393.jpg,video_result/ex_02/frame_detection/frame_detection_crop/frame_393_crop_0.jpg,0,250,115,314,243,,
475,400,video_result/ex_02/frame_detection/frame_detection_debug/frame_400.jpg,video_result/ex_02/frame_detection/frame_detection_crop/frame_400_crop_0.jpg,0,276,99,340,227,,
476,402,video_result/ex_02/frame_detection/frame_detection_debug/frame_402.jpg,video_result/ex_02/frame_detection/frame_detection_crop/frame_402_crop_0.jpg,0,559,170,623,298,,
477,403,video_result/ex_02/frame_detection/frame_detection_debug/frame_403.jpg,video_result/ex_02/frame_detection/frame_detection_crop/frame_403_crop_0.jpg,0,559,170,623,298,,
478,404,video_result/ex_02/frame_detection/frame_detection_debug/frame_404.jpg,video_result/ex_02/frame_detection/frame_detection_crop/frame_404_crop_0.jpg,0,559,168,623,296,,
479,410,video_result/ex_02/frame_detection/frame_detection_debug/frame_410.jpg,video_result/ex_02/frame_detection/frame_detection_crop/frame_410_crop_0.jpg,0,316,111,380,239,,
480,413,video_result/ex_02/frame_detection/frame_detection_debug/frame_413.jpg,video_result/ex_02/frame_detection/frame_detection_crop/frame_413_crop_0.jpg,0,322,99,386,227,,
481,414,video_result/ex_02/frame_detection/frame_detection_debug/frame_414.jpg,video_result/ex_02/frame_detection/frame_detection_crop/frame_414_crop_0.jpg,0,329,100,393,228,,
482,415,video_result/ex_02/frame_detection/frame_detection_debug/frame_415.jpg,video_result/ex_02/frame_detection/frame_detection_crop/frame_415_crop_0.jpg,0,332,101,396,229,,
483,416,video_result/ex_02/frame_detection/frame_detection_debug/frame_416.jpg,video_result/ex_02/frame_detection/frame_detection_crop/frame_416_crop_0.jpg,0,335,101,399,229,,
484,417,video_result/ex_02/frame_detection/frame_detection_debug/frame_417.jpg,video_result/ex_02/frame_detection/frame_detection_crop/frame_417_crop_0.jpg,0,338,103,402,231,,
485,418,video_result/ex_02/frame_detection/frame_detection_debug/frame_418.jpg,video_result/ex_02/frame_detection/frame_detection_crop/frame_418_crop_0.jpg,0,560,168,624,296,,
486,420,video_result/ex_02/frame_detection/frame_detection_debug/frame_420.jpg,video_result/ex_02/frame_detection/frame_detection_crop/frame_420_crop_0.jpg,0,560,167,624,295,,
487,421,video_result/ex_02/frame_detection/frame_detection_debug/frame_421.jpg,video_result/ex_02/frame_detection/frame_detection_crop/frame_421_crop_0.jpg,0,333,88,429,280,,
488,423,video_result/ex_02/frame_detection/frame_detection_debug/frame_423.jpg,video_result/ex_02/frame_detection/frame_detection_crop/frame_423_crop_0.jpg,0,361,86,425,214,,
489,426,video_result/ex_02/frame_detection/frame_detection_debug/frame_426.jpg,video_result/ex_02/frame_detection/frame_detection_crop/frame_426_crop_0.jpg,0,372,124,436,252,,
490,427,video_result/ex_02/frame_detection/frame_detection_debug/frame_427.jpg,video_result/ex_02/frame_detection/frame_detection_crop/frame_427_crop_0.jpg,0,566,170,630,298,,
491,428,video_result/ex_02/frame_detection/frame_detection_debug/frame_428.jpg,video_result/ex_02/frame_detection/frame_detection_crop/frame_428_crop_0.jpg,0,568,165,632,293,,
492,429,video_result/ex_02/frame_detection/frame_detection_debug/frame_429.jpg,video_result/ex_02/frame_detection/frame_detection_crop/frame_429_crop_0.jpg,0,556,123,652,315,,
493,430,video_result/ex_02/frame_detection/frame_detection_debug/frame_430.jpg,video_result/ex_02/frame_detection/frame_detection_crop/frame_430_crop_0.jpg,0,557,123,653,315,,
494,431,video_result/ex_02/frame_detection/frame_detection_debug/frame_431.jpg,video_result/ex_02/frame_detection/frame_detection_crop/frame_431_crop_0.jpg,0,559,125,655,317,,
495,432,video_result/ex_02/frame_detection/frame_detection_debug/frame_432.jpg,video_result/ex_02/frame_detection/frame_detection_crop/frame_432_crop_0.jpg,0,578,170,642,298,,
496,432,video_result/ex_02/frame_detection/frame_detection_debug/frame_432.jpg,video_result/ex_02/frame_detection/frame_detection_crop/frame_432_crop_1.jpg,1,402,93,466,221,,
497,433,video_result/ex_02/frame_detection/frame_detection_debug/frame_433.jpg,video_result/ex_02/frame_detection/frame_detection_crop/frame_433_crop_0.jpg,0,585,171,649,299,,
498,433,video_result/ex_02/frame_detection/frame_detection_debug/frame_433.jpg,video_result/ex_02/frame_detection/frame_detection_crop/frame_433_crop_1.jpg,1,406,94,470,222,,
499,440,video_result/ex_02/frame_detection/frame_detection_debug/frame_440.jpg,video_result/ex_02/frame_detection/frame_detection_crop/frame_440_crop_0.jpg,0,453,128,517,256,,
500,446,video_result/ex_02/frame_detection/frame_detection_debug/frame_446.jpg,video_result/ex_02/frame_detection/frame_detection_crop/frame_446_crop_0.jpg,0,478,108,542,236,,
501,447,video_result/ex_02/frame_detection/frame_detection_debug/frame_447.jpg,video_result/ex_02/frame_detection/frame_detection_crop/frame_447_crop_0.jpg,0,480,109,544,237,,
502,450,video_result/ex_02/frame_detection/frame_detection_debug/frame_450.jpg,video_result/ex_02/frame_detection/frame_detection_crop/frame_450_crop_0.jpg,0,495,116,559,244,,
503,451,video_result/ex_02/frame_detection/frame_detection_debug/frame_451.jpg,video_result/ex_02/frame_detection/frame_detection_crop/frame_451_crop_0.jpg,0,498,117,562,245,,
504,452,video_result/ex_02/frame_detection/frame_detection_debug/frame_452.jpg,video_result/ex_02/frame_detection/frame_detection_crop/frame_452_crop_0.jpg,0,503,130,567,258,,
505,453,video_result/ex_02/frame_detection/frame_detection_debug/frame_453.jpg,video_result/ex_02/frame_detection/frame_detection_crop/frame_453_crop_0.jpg,0,506,131,570,259,,
506,454,video_result/ex_02/frame_detection/frame_detection_debug/frame_454.jpg,video_result/ex_02/frame_detection/frame_detection_crop/frame_454_crop_0.jpg,0,506,145,570,273,,
507,455,video_result/ex_02/frame_detection/frame_detection_debug/frame_455.jpg,video_result/ex_02/frame_detection/frame_detection_crop/frame_455_crop_0.jpg,0,507,139,571,267,,
508,456,video_result/ex_02/frame_detection/frame_detection_debug/frame_456.jpg,video_result/ex_02/frame_detection/frame_detection_crop/frame_456_crop_0.jpg,0,516,139,580,267,,
509,457,video_result/ex_02/frame_detection/frame_detection_debug/frame_457.jpg,video_result/ex_02/frame_detection/frame_detection_crop/frame_457_crop_0.jpg,0,517,138,581,266,,
510,458,video_result/ex_02/frame_detection/frame_detection_debug/frame_458.jpg,video_result/ex_02/frame_detection/frame_detection_crop/frame_458_crop_0.jpg,0,519,133,583,261,,
511,459,video_result/ex_02/frame_detection/frame_detection_debug/frame_459.jpg,video_result/ex_02/frame_detection/frame_detection_crop/frame_459_crop_0.jpg,0,524,141,588,269,,
512,466,video_result/ex_02/frame_detection/frame_detection_debug/frame_466.jpg,video_result/ex_02/frame_detection/frame_detection_crop/frame_466_crop_0.jpg,0,551,164,615,292,,
513,467,video_result/ex_02/frame_detection/frame_detection_debug/frame_467.jpg,video_result/ex_02/frame_detection/frame_detection_crop/frame_467_crop_0.jpg,0,553,162,617,290,,
514,468,video_result/ex_02/frame_detection/frame_detection_debug/frame_468.jpg,video_result/ex_02/frame_detection/frame_detection_crop/frame_468_crop_0.jpg,0,556,157,620,285,,
515,469,video_result/ex_02/frame_detection/frame_detection_debug/frame_469.jpg,video_result/ex_02/frame_detection/frame_detection_crop/frame_469_crop_0.jpg,0,558,163,622,291,,
516,470,video_result/ex_02/frame_detection/frame_detection_debug/frame_470.jpg,video_result/ex_02/frame_detection/frame_detection_crop/frame_470_crop_0.jpg,0,562,167,626,295,,
517,471,video_result/ex_02/frame_detection/frame_detection_debug/frame_471.jpg,video_result/ex_02/frame_detection/frame_detection_crop/frame_471_crop_0.jpg,0,565,164,629,292,,
518,472,video_result/ex_02/frame_detection/frame_detection_debug/frame_472.jpg,video_result/ex_02/frame_detection/frame_detection_crop/frame_472_crop_0.jpg,0,569,171,633,299,,
519,473,video_result/ex_02/frame_detection/frame_detection_debug/frame_473.jpg,video_result/ex_02/frame_detection/frame_detection_crop/frame_473_crop_0.jpg,0,572,172,636,300,,
520,475,video_result/ex_02/frame_detection/frame_detection_debug/frame_475.jpg,video_result/ex_02/frame_detection/frame_detection_crop/frame_475_crop_0.jpg,0,560,164,656,356,,
521,476,video_result/ex_02/frame_detection/frame_detection_debug/frame_476.jpg,video_result/ex_02/frame_detection/frame_detection_crop/frame_476_crop_0.jpg,0,578,179,642,307,,
522,477,video_result/ex_02/frame_detection/frame_detection_debug/frame_477.jpg,video_result/ex_02/frame_detection/frame_detection_crop/frame_477_crop_0.jpg,0,565,168,661,360,,
523,478,video_result/ex_02/frame_detection/frame_detection_debug/frame_478.jpg,video_result/ex_02/frame_detection/frame_detection_crop/frame_478_crop_0.jpg,0,590,183,654,311,,
524,479,video_result/ex_02/frame_detection/frame_detection_debug/frame_479.jpg,video_result/ex_02/frame_detection/frame_detection_crop/frame_479_crop_0.jpg,0,590,182,654,310,,
525,480,video_result/ex_02/frame_detection/frame_detection_debug/frame_480.jpg,video_result/ex_02/frame_detection/frame_detection_crop/frame_480_crop_0.jpg,0,592,187,656,315,,
526,481,video_result/ex_02/frame_detection/frame_detection_debug/frame_481.jpg,video_result/ex_02/frame_detection/frame_detection_crop/frame_481_crop_0.jpg,0,593,190,657,318,,
527,482,video_result/ex_02/frame_detection/frame_detection_debug/frame_482.jpg,video_result/ex_02/frame_detection/frame_detection_crop/frame_482_crop_0.jpg,0,582,180,678,372,,
528,483,video_result/ex_02/frame_detection/frame_detection_debug/frame_483.jpg,video_result/ex_02/frame_detection/frame_detection_crop/frame_483_crop_0.jpg,0,602,198,666,326,,
529,484,video_result/ex_02/frame_detection/frame_detection_debug/frame_484.jpg,video_result/ex_02/frame_detection/frame_detection_crop/frame_484_crop_0.jpg,0,603,196,667,324,,
530,485,video_result/ex_02/frame_detection/frame_detection_debug/frame_485.jpg,video_result/ex_02/frame_detection/frame_detection_crop/frame_485_crop_0.jpg,0,607,200,671,328,,
531,486,video_result/ex_02/frame_detection/frame_detection_debug/frame_486.jpg,video_result/ex_02/frame_detection/frame_detection_crop/frame_486_crop_0.jpg,0,610,200,674,328,,
532,487,video_result/ex_02/frame_detection/frame_detection_debug/frame_487.jpg,video_result/ex_02/frame_detection/frame_detection_crop/frame_487_crop_0.jpg,0,612,206,676,334,,
533,488,video_result/ex_02/frame_detection/frame_detection_debug/frame_488.jpg,video_result/ex_02/frame_detection/frame_detection_crop/frame_488_crop_0.jpg,0,615,202,679,330,,
534,489,video_result/ex_02/frame_detection/frame_detection_debug/frame_489.jpg,video_result/ex_02/frame_detection/frame_detection_crop/frame_489_crop_0.jpg,0,604,195,700,387,,
535,490,video_result/ex_02/frame_detection/frame_detection_debug/frame_490.jpg,video_result/ex_02/frame_detection/frame_detection_crop/frame_490_crop_0.jpg,0,624,210,688,338,,
536,491,video_result/ex_02/frame_detection/frame_detection_debug/frame_491.jpg,video_result/ex_02/frame_detection/frame_detection_crop/frame_491_crop_0.jpg,0,629,208,693,336,,
537,492,video_result/ex_02/frame_detection/frame_detection_debug/frame_492.jpg,video_result/ex_02/frame_detection/frame_detection_crop/frame_492_crop_0.jpg,0,633,215,697,343,,
538,493,video_result/ex_02/frame_detection/frame_detection_debug/frame_493.jpg,video_result/ex_02/frame_detection/frame_detection_crop/frame_493_crop_0.jpg,0,633,219,697,347,,
539,494,video_result/ex_02/frame_detection/frame_detection_debug/frame_494.jpg,video_result/ex_02/frame_detection/frame_detection_crop/frame_494_crop_0.jpg,0,637,216,701,344,,
540,495,video_result/ex_02/frame_detection/frame_detection_debug/frame_495.jpg,video_result/ex_02/frame_detection/frame_detection_crop/frame_495_crop_0.jpg,0,638,225,702,353,,
541,496,video_result/ex_02/frame_detection/frame_detection_debug/frame_496.jpg,video_result/ex_02/frame_detection/frame_detection_crop/frame_496_crop_0.jpg,0,641,227,702,355,,
542,497,video_result/ex_02/frame_detection/frame_detection_debug/frame_497.jpg,video_result/ex_02/frame_detection/frame_detection_crop/frame_497_crop_0.jpg,0,641,226,702,354,,
